global_round,task_idx,round_in_task,dataset,client_id,old_task_idx,old_dataset,exp_id,run_seed,global_acc_old_task,personalized_acc_old_task,delta_pers,test_samples
101,2,1,permuted-mnist-task2-npz,2,1,permuted-mnist-task1-npz,C,0,0.9926470588235294,0.9926470588235294,0.0,408
101,2,1,permuted-mnist-task2-npz,2,0,OLD_TASKS_MEAN,C,0,nan,nan,0.0,0
102,2,2,permuted-mnist-task2-npz,3,1,permuted-mnist-task1-npz,C,0,0.26572327044025157,0.26572327044025157,0.0,636
102,2,2,permuted-mnist-task2-npz,3,0,OLD_TASKS_MEAN,C,0,nan,nan,0.0,0
103,2,3,permuted-mnist-task2-npz,0,1,permuted-mnist-task1-npz,C,0,0.15045592705167174,0.15045592705167174,0.0,658
103,2,3,permuted-mnist-task2-npz,0,0,OLD_TASKS_MEAN,C,0,nan,nan,0.0,0
104,2,4,permuted-mnist-task2-npz,1,1,permuted-mnist-task1-npz,C,0,0.088,0.088,0.0,125
104,2,4,permuted-mnist-task2-npz,1,0,OLD_TASKS_MEAN,C,0,nan,nan,0.0,0
105,2,5,permuted-mnist-task2-npz,1,1,permuted-mnist-task1-npz,C,0,0.912,0.912,0.0,125
105,2,5,permuted-mnist-task2-npz,1,0,OLD_TASKS_MEAN,C,0,nan,nan,0.0,0
106,2,6,permuted-mnist-task2-npz,2,1,permuted-mnist-task1-npz,C,0,0.9019607843137255,0.9019607843137255,0.0,408
106,2,6,permuted-mnist-task2-npz,2,0,OLD_TASKS_MEAN,C,0,nan,nan,0.0,0
107,2,7,permuted-mnist-task2-npz,3,1,permuted-mnist-task1-npz,C,0,0.0110062893081761,0.0110062893081761,0.0,636
107,2,7,permuted-mnist-task2-npz,3,0,OLD_TASKS_MEAN,C,0,nan,nan,0.0,0
108,2,8,permuted-mnist-task2-npz,2,1,permuted-mnist-task1-npz,C,0,0.049019607843137254,0.049019607843137254,0.0,408
108,2,8,permuted-mnist-task2-npz,2,0,OLD_TASKS_MEAN,C,0,nan,nan,0.0,0
109,2,9,permuted-mnist-task2-npz,4,1,permuted-mnist-task1-npz,C,0,0.2833333333333333,0.2833333333333333,0.0,480
109,2,9,permuted-mnist-task2-npz,4,0,OLD_TASKS_MEAN,C,0,nan,nan,0.0,0
110,2,10,permuted-mnist-task2-npz,2,1,permuted-mnist-task1-npz,C,0,0.2696078431372549,0.2696078431372549,0.0,408
110,2,10,permuted-mnist-task2-npz,2,0,OLD_TASKS_MEAN,C,0,nan,nan,0.0,0
111,2,11,permuted-mnist-task2-npz,0,1,permuted-mnist-task1-npz,C,0,0.05319148936170213,0.05319148936170213,0.0,658
111,2,11,permuted-mnist-task2-npz,0,0,OLD_TASKS_MEAN,C,0,nan,nan,0.0,0
112,2,12,permuted-mnist-task2-npz,3,1,permuted-mnist-task1-npz,C,0,0.18553459119496854,0.18553459119496854,0.0,636
112,2,12,permuted-mnist-task2-npz,3,0,OLD_TASKS_MEAN,C,0,nan,nan,0.0,0
113,2,13,permuted-mnist-task2-npz,3,1,permuted-mnist-task1-npz,C,0,0.9732704402515723,0.9732704402515723,0.0,636
113,2,13,permuted-mnist-task2-npz,3,0,OLD_TASKS_MEAN,C,0,nan,nan,0.0,0
114,2,14,permuted-mnist-task2-npz,2,1,permuted-mnist-task1-npz,C,0,0.16911764705882354,0.16911764705882354,0.0,408
114,2,14,permuted-mnist-task2-npz,2,0,OLD_TASKS_MEAN,C,0,nan,nan,0.0,0
115,2,15,permuted-mnist-task2-npz,4,1,permuted-mnist-task1-npz,C,0,0.3416666666666667,0.3416666666666667,0.0,480
115,2,15,permuted-mnist-task2-npz,4,0,OLD_TASKS_MEAN,C,0,nan,nan,0.0,0
116,2,16,permuted-mnist-task2-npz,2,1,permuted-mnist-task1-npz,C,0,0.3553921568627451,0.3553921568627451,0.0,408
116,2,16,permuted-mnist-task2-npz,2,0,OLD_TASKS_MEAN,C,0,nan,nan,0.0,0
117,2,17,permuted-mnist-task2-npz,3,1,permuted-mnist-task1-npz,C,0,0.06918238993710692,0.06918238993710692,0.0,636
117,2,17,permuted-mnist-task2-npz,3,0,OLD_TASKS_MEAN,C,0,nan,nan,0.0,0
118,2,18,permuted-mnist-task2-npz,0,1,permuted-mnist-task1-npz,C,0,0.18693009118541035,0.18693009118541035,0.0,658
118,2,18,permuted-mnist-task2-npz,0,0,OLD_TASKS_MEAN,C,0,nan,nan,0.0,0
119,2,19,permuted-mnist-task2-npz,0,1,permuted-mnist-task1-npz,C,0,0.7036474164133738,0.7036474164133738,0.0,658
119,2,19,permuted-mnist-task2-npz,0,0,OLD_TASKS_MEAN,C,0,nan,nan,0.0,0
120,2,20,permuted-mnist-task2-npz,3,1,permuted-mnist-task1-npz,C,0,0.13836477987421383,0.13836477987421383,0.0,636
120,2,20,permuted-mnist-task2-npz,3,0,OLD_TASKS_MEAN,C,0,nan,nan,0.0,0
121,2,21,permuted-mnist-task2-npz,4,1,permuted-mnist-task1-npz,C,0,0.34791666666666665,0.34791666666666665,0.0,480
121,2,21,permuted-mnist-task2-npz,4,0,OLD_TASKS_MEAN,C,0,nan,nan,0.0,0
122,2,22,permuted-mnist-task2-npz,2,1,permuted-mnist-task1-npz,C,0,0.2647058823529412,0.2647058823529412,0.0,408
122,2,22,permuted-mnist-task2-npz,2,0,OLD_TASKS_MEAN,C,0,nan,nan,0.0,0
123,2,23,permuted-mnist-task2-npz,3,1,permuted-mnist-task1-npz,C,0,0.040880503144654086,0.040880503144654086,0.0,636
123,2,23,permuted-mnist-task2-npz,3,0,OLD_TASKS_MEAN,C,0,nan,nan,0.0,0
124,2,24,permuted-mnist-task2-npz,1,1,permuted-mnist-task1-npz,C,0,0.152,0.152,0.0,125
124,2,24,permuted-mnist-task2-npz,1,0,OLD_TASKS_MEAN,C,0,nan,nan,0.0,0
125,2,25,permuted-mnist-task2-npz,3,1,permuted-mnist-task1-npz,C,0,0.39937106918238996,0.39937106918238996,0.0,636
125,2,25,permuted-mnist-task2-npz,3,0,OLD_TASKS_MEAN,C,0,nan,nan,0.0,0
126,2,26,permuted-mnist-task2-npz,2,1,permuted-mnist-task1-npz,C,0,0.75,0.75,0.0,408
126,2,26,permuted-mnist-task2-npz,2,0,OLD_TASKS_MEAN,C,0,nan,nan,0.0,0
127,2,27,permuted-mnist-task2-npz,1,1,permuted-mnist-task1-npz,C,0,0.784,0.784,0.0,125
127,2,27,permuted-mnist-task2-npz,1,0,OLD_TASKS_MEAN,C,0,nan,nan,0.0,0
128,2,28,permuted-mnist-task2-npz,0,1,permuted-mnist-task1-npz,C,0,0.45440729483282677,0.45440729483282677,0.0,658
128,2,28,permuted-mnist-task2-npz,0,0,OLD_TASKS_MEAN,C,0,nan,nan,0.0,0
129,2,29,permuted-mnist-task2-npz,0,1,permuted-mnist-task1-npz,C,0,0.668693009118541,0.668693009118541,0.0,658
129,2,29,permuted-mnist-task2-npz,0,0,OLD_TASKS_MEAN,C,0,nan,nan,0.0,0
130,2,30,permuted-mnist-task2-npz,4,1,permuted-mnist-task1-npz,C,0,0.4708333333333333,0.4708333333333333,0.0,480
130,2,30,permuted-mnist-task2-npz,4,0,OLD_TASKS_MEAN,C,0,nan,nan,0.0,0
131,2,31,permuted-mnist-task2-npz,2,1,permuted-mnist-task1-npz,C,0,0.46568627450980393,0.46568627450980393,0.0,408
131,2,31,permuted-mnist-task2-npz,2,0,OLD_TASKS_MEAN,C,0,nan,nan,0.0,0
132,2,32,permuted-mnist-task2-npz,4,1,permuted-mnist-task1-npz,C,0,0.3458333333333333,0.3458333333333333,0.0,480
132,2,32,permuted-mnist-task2-npz,4,0,OLD_TASKS_MEAN,C,0,nan,nan,0.0,0
133,2,33,permuted-mnist-task2-npz,1,1,permuted-mnist-task1-npz,C,0,0.584,0.584,0.0,125
133,2,33,permuted-mnist-task2-npz,1,0,OLD_TASKS_MEAN,C,0,nan,nan,0.0,0
134,2,34,permuted-mnist-task2-npz,0,1,permuted-mnist-task1-npz,C,0,0.46504559270516715,0.46504559270516715,0.0,658
134,2,34,permuted-mnist-task2-npz,0,0,OLD_TASKS_MEAN,C,0,nan,nan,0.0,0
135,2,35,permuted-mnist-task2-npz,1,1,permuted-mnist-task1-npz,C,0,0.496,0.496,0.0,125
135,2,35,permuted-mnist-task2-npz,1,0,OLD_TASKS_MEAN,C,0,nan,nan,0.0,0
136,2,36,permuted-mnist-task2-npz,1,1,permuted-mnist-task1-npz,C,0,0.872,0.872,0.0,125
136,2,36,permuted-mnist-task2-npz,1,0,OLD_TASKS_MEAN,C,0,nan,nan,0.0,0
137,2,37,permuted-mnist-task2-npz,3,1,permuted-mnist-task1-npz,C,0,0.21540880503144655,0.21540880503144655,0.0,636
137,2,37,permuted-mnist-task2-npz,3,0,OLD_TASKS_MEAN,C,0,nan,nan,0.0,0
138,2,38,permuted-mnist-task2-npz,3,1,permuted-mnist-task1-npz,C,0,0.9481132075471698,0.9481132075471698,0.0,636
138,2,38,permuted-mnist-task2-npz,3,0,OLD_TASKS_MEAN,C,0,nan,nan,0.0,0
139,2,39,permuted-mnist-task2-npz,3,1,permuted-mnist-task1-npz,C,0,0.9512578616352201,0.9512578616352201,0.0,636
139,2,39,permuted-mnist-task2-npz,3,0,OLD_TASKS_MEAN,C,0,nan,nan,0.0,0
140,2,40,permuted-mnist-task2-npz,1,1,permuted-mnist-task1-npz,C,0,0.512,0.512,0.0,125
140,2,40,permuted-mnist-task2-npz,1,0,OLD_TASKS_MEAN,C,0,nan,nan,0.0,0
141,2,41,permuted-mnist-task2-npz,1,1,permuted-mnist-task1-npz,C,0,0.752,0.752,0.0,125
141,2,41,permuted-mnist-task2-npz,1,0,OLD_TASKS_MEAN,C,0,nan,nan,0.0,0
142,2,42,permuted-mnist-task2-npz,2,1,permuted-mnist-task1-npz,C,0,0.8112745098039216,0.8112745098039216,0.0,408
142,2,42,permuted-mnist-task2-npz,2,0,OLD_TASKS_MEAN,C,0,nan,nan,0.0,0
143,2,43,permuted-mnist-task2-npz,3,1,permuted-mnist-task1-npz,C,0,0.32075471698113206,0.32075471698113206,0.0,636
143,2,43,permuted-mnist-task2-npz,3,0,OLD_TASKS_MEAN,C,0,nan,nan,0.0,0
144,2,44,permuted-mnist-task2-npz,2,1,permuted-mnist-task1-npz,C,0,0.7549019607843137,0.7549019607843137,0.0,408
144,2,44,permuted-mnist-task2-npz,2,0,OLD_TASKS_MEAN,C,0,nan,nan,0.0,0
145,2,45,permuted-mnist-task2-npz,0,1,permuted-mnist-task1-npz,C,0,0.20212765957446807,0.20212765957446807,0.0,658
145,2,45,permuted-mnist-task2-npz,0,0,OLD_TASKS_MEAN,C,0,nan,nan,0.0,0
146,2,46,permuted-mnist-task2-npz,3,1,permuted-mnist-task1-npz,C,0,0.4559748427672956,0.4559748427672956,0.0,636
146,2,46,permuted-mnist-task2-npz,3,0,OLD_TASKS_MEAN,C,0,nan,nan,0.0,0
147,2,47,permuted-mnist-task2-npz,2,1,permuted-mnist-task1-npz,C,0,0.7156862745098039,0.7156862745098039,0.0,408
147,2,47,permuted-mnist-task2-npz,2,0,OLD_TASKS_MEAN,C,0,nan,nan,0.0,0
148,2,48,permuted-mnist-task2-npz,4,1,permuted-mnist-task1-npz,C,0,0.35,0.35,0.0,480
148,2,48,permuted-mnist-task2-npz,4,0,OLD_TASKS_MEAN,C,0,nan,nan,0.0,0
149,2,49,permuted-mnist-task2-npz,4,1,permuted-mnist-task1-npz,C,0,0.6833333333333333,0.6833333333333333,0.0,480
149,2,49,permuted-mnist-task2-npz,4,0,OLD_TASKS_MEAN,C,0,nan,nan,0.0,0
150,2,50,permuted-mnist-task2-npz,4,1,permuted-mnist-task1-npz,C,0,0.6458333333333334,0.6458333333333334,0.0,480
150,2,50,permuted-mnist-task2-npz,4,0,OLD_TASKS_MEAN,C,0,nan,nan,0.0,0
151,2,51,permuted-mnist-task2-npz,4,1,permuted-mnist-task1-npz,C,0,0.69375,0.69375,0.0,480
151,2,51,permuted-mnist-task2-npz,4,0,OLD_TASKS_MEAN,C,0,nan,nan,0.0,0
152,2,52,permuted-mnist-task2-npz,3,1,permuted-mnist-task1-npz,C,0,0.14779874213836477,0.14779874213836477,0.0,636
152,2,52,permuted-mnist-task2-npz,3,0,OLD_TASKS_MEAN,C,0,nan,nan,0.0,0
153,2,53,permuted-mnist-task2-npz,1,1,permuted-mnist-task1-npz,C,0,0.584,0.584,0.0,125
153,2,53,permuted-mnist-task2-npz,1,0,OLD_TASKS_MEAN,C,0,nan,nan,0.0,0
154,2,54,permuted-mnist-task2-npz,0,1,permuted-mnist-task1-npz,C,0,0.49240121580547114,0.49240121580547114,0.0,658
154,2,54,permuted-mnist-task2-npz,0,0,OLD_TASKS_MEAN,C,0,nan,nan,0.0,0
155,2,55,permuted-mnist-task2-npz,0,1,permuted-mnist-task1-npz,C,0,0.5851063829787234,0.5851063829787234,0.0,658
155,2,55,permuted-mnist-task2-npz,0,0,OLD_TASKS_MEAN,C,0,nan,nan,0.0,0
156,2,56,permuted-mnist-task2-npz,4,1,permuted-mnist-task1-npz,C,0,0.5479166666666667,0.5479166666666667,0.0,480
156,2,56,permuted-mnist-task2-npz,4,0,OLD_TASKS_MEAN,C,0,nan,nan,0.0,0
157,2,57,permuted-mnist-task2-npz,1,1,permuted-mnist-task1-npz,C,0,0.648,0.648,0.0,125
157,2,57,permuted-mnist-task2-npz,1,0,OLD_TASKS_MEAN,C,0,nan,nan,0.0,0
158,2,58,permuted-mnist-task2-npz,0,1,permuted-mnist-task1-npz,C,0,0.3799392097264438,0.3799392097264438,0.0,658
158,2,58,permuted-mnist-task2-npz,0,0,OLD_TASKS_MEAN,C,0,nan,nan,0.0,0
159,2,59,permuted-mnist-task2-npz,0,1,permuted-mnist-task1-npz,C,0,0.5987841945288754,0.5987841945288754,0.0,658
159,2,59,permuted-mnist-task2-npz,0,0,OLD_TASKS_MEAN,C,0,nan,nan,0.0,0
160,2,60,permuted-mnist-task2-npz,1,1,permuted-mnist-task1-npz,C,0,0.464,0.464,0.0,125
160,2,60,permuted-mnist-task2-npz,1,0,OLD_TASKS_MEAN,C,0,nan,nan,0.0,0
161,2,61,permuted-mnist-task2-npz,4,1,permuted-mnist-task1-npz,C,0,0.5479166666666667,0.5479166666666667,0.0,480
161,2,61,permuted-mnist-task2-npz,4,0,OLD_TASKS_MEAN,C,0,nan,nan,0.0,0
162,2,62,permuted-mnist-task2-npz,1,1,permuted-mnist-task1-npz,C,0,0.632,0.632,0.0,125
162,2,62,permuted-mnist-task2-npz,1,0,OLD_TASKS_MEAN,C,0,nan,nan,0.0,0
163,2,63,permuted-mnist-task2-npz,0,1,permuted-mnist-task1-npz,C,0,0.3708206686930091,0.3708206686930091,0.0,658
163,2,63,permuted-mnist-task2-npz,0,0,OLD_TASKS_MEAN,C,0,nan,nan,0.0,0
164,2,64,permuted-mnist-task2-npz,3,1,permuted-mnist-task1-npz,C,0,0.3474842767295597,0.3474842767295597,0.0,636
164,2,64,permuted-mnist-task2-npz,3,0,OLD_TASKS_MEAN,C,0,nan,nan,0.0,0
165,2,65,permuted-mnist-task2-npz,0,1,permuted-mnist-task1-npz,C,0,0.22796352583586627,0.22796352583586627,0.0,658
165,2,65,permuted-mnist-task2-npz,0,0,OLD_TASKS_MEAN,C,0,nan,nan,0.0,0
166,2,66,permuted-mnist-task2-npz,2,1,permuted-mnist-task1-npz,C,0,0.4387254901960784,0.4387254901960784,0.0,408
166,2,66,permuted-mnist-task2-npz,2,0,OLD_TASKS_MEAN,C,0,nan,nan,0.0,0
167,2,67,permuted-mnist-task2-npz,0,1,permuted-mnist-task1-npz,C,0,0.33282674772036475,0.33282674772036475,0.0,658
167,2,67,permuted-mnist-task2-npz,0,0,OLD_TASKS_MEAN,C,0,nan,nan,0.0,0
168,2,68,permuted-mnist-task2-npz,0,1,permuted-mnist-task1-npz,C,0,0.6595744680851063,0.6595744680851063,0.0,658
168,2,68,permuted-mnist-task2-npz,0,0,OLD_TASKS_MEAN,C,0,nan,nan,0.0,0
169,2,69,permuted-mnist-task2-npz,1,1,permuted-mnist-task1-npz,C,0,0.512,0.512,0.0,125
169,2,69,permuted-mnist-task2-npz,1,0,OLD_TASKS_MEAN,C,0,nan,nan,0.0,0
170,2,70,permuted-mnist-task2-npz,0,1,permuted-mnist-task1-npz,C,0,0.5562310030395137,0.5562310030395137,0.0,658
170,2,70,permuted-mnist-task2-npz,0,0,OLD_TASKS_MEAN,C,0,nan,nan,0.0,0
171,2,71,permuted-mnist-task2-npz,4,1,permuted-mnist-task1-npz,C,0,0.525,0.525,0.0,480
171,2,71,permuted-mnist-task2-npz,4,0,OLD_TASKS_MEAN,C,0,nan,nan,0.0,0
172,2,72,permuted-mnist-task2-npz,3,1,permuted-mnist-task1-npz,C,0,0.27044025157232704,0.27044025157232704,0.0,636
172,2,72,permuted-mnist-task2-npz,3,0,OLD_TASKS_MEAN,C,0,nan,nan,0.0,0
173,2,73,permuted-mnist-task2-npz,4,1,permuted-mnist-task1-npz,C,0,0.22083333333333333,0.22083333333333333,0.0,480
173,2,73,permuted-mnist-task2-npz,4,0,OLD_TASKS_MEAN,C,0,nan,nan,0.0,0
174,2,74,permuted-mnist-task2-npz,2,1,permuted-mnist-task1-npz,C,0,0.6078431372549019,0.6078431372549019,0.0,408
174,2,74,permuted-mnist-task2-npz,2,0,OLD_TASKS_MEAN,C,0,nan,nan,0.0,0
175,2,75,permuted-mnist-task2-npz,2,1,permuted-mnist-task1-npz,C,0,0.9558823529411765,0.9558823529411765,0.0,408
175,2,75,permuted-mnist-task2-npz,2,0,OLD_TASKS_MEAN,C,0,nan,nan,0.0,0
176,2,76,permuted-mnist-task2-npz,3,1,permuted-mnist-task1-npz,C,0,0.24528301886792453,0.24528301886792453,0.0,636
176,2,76,permuted-mnist-task2-npz,3,0,OLD_TASKS_MEAN,C,0,nan,nan,0.0,0
177,2,77,permuted-mnist-task2-npz,2,1,permuted-mnist-task1-npz,C,0,0.8259803921568627,0.8259803921568627,0.0,408
177,2,77,permuted-mnist-task2-npz,2,0,OLD_TASKS_MEAN,C,0,nan,nan,0.0,0
178,2,78,permuted-mnist-task2-npz,2,1,permuted-mnist-task1-npz,C,0,0.928921568627451,0.928921568627451,0.0,408
178,2,78,permuted-mnist-task2-npz,2,0,OLD_TASKS_MEAN,C,0,nan,nan,0.0,0
179,2,79,permuted-mnist-task2-npz,2,1,permuted-mnist-task1-npz,C,0,0.9362745098039216,0.9362745098039216,0.0,408
179,2,79,permuted-mnist-task2-npz,2,0,OLD_TASKS_MEAN,C,0,nan,nan,0.0,0
180,2,80,permuted-mnist-task2-npz,4,1,permuted-mnist-task1-npz,C,0,0.3229166666666667,0.3229166666666667,0.0,480
180,2,80,permuted-mnist-task2-npz,4,0,OLD_TASKS_MEAN,C,0,nan,nan,0.0,0
181,2,81,permuted-mnist-task2-npz,1,1,permuted-mnist-task1-npz,C,0,0.768,0.768,0.0,125
181,2,81,permuted-mnist-task2-npz,1,0,OLD_TASKS_MEAN,C,0,nan,nan,0.0,0
182,2,82,permuted-mnist-task2-npz,4,1,permuted-mnist-task1-npz,C,0,0.40625,0.40625,0.0,480
182,2,82,permuted-mnist-task2-npz,4,0,OLD_TASKS_MEAN,C,0,nan,nan,0.0,0
183,2,83,permuted-mnist-task2-npz,0,1,permuted-mnist-task1-npz,C,0,0.5562310030395137,0.5562310030395137,0.0,658
183,2,83,permuted-mnist-task2-npz,0,0,OLD_TASKS_MEAN,C,0,nan,nan,0.0,0
184,2,84,permuted-mnist-task2-npz,0,1,permuted-mnist-task1-npz,C,0,0.6580547112462006,0.6580547112462006,0.0,658
184,2,84,permuted-mnist-task2-npz,0,0,OLD_TASKS_MEAN,C,0,nan,nan,0.0,0
185,2,85,permuted-mnist-task2-npz,1,1,permuted-mnist-task1-npz,C,0,0.616,0.616,0.0,125
185,2,85,permuted-mnist-task2-npz,1,0,OLD_TASKS_MEAN,C,0,nan,nan,0.0,0
186,2,86,permuted-mnist-task2-npz,4,1,permuted-mnist-task1-npz,C,0,0.55625,0.55625,0.0,480
186,2,86,permuted-mnist-task2-npz,4,0,OLD_TASKS_MEAN,C,0,nan,nan,0.0,0
187,2,87,permuted-mnist-task2-npz,1,1,permuted-mnist-task1-npz,C,0,0.808,0.808,0.0,125
187,2,87,permuted-mnist-task2-npz,1,0,OLD_TASKS_MEAN,C,0,nan,nan,0.0,0
188,2,88,permuted-mnist-task2-npz,3,1,permuted-mnist-task1-npz,C,0,0.2893081761006289,0.2893081761006289,0.0,636
188,2,88,permuted-mnist-task2-npz,3,0,OLD_TASKS_MEAN,C,0,nan,nan,0.0,0
189,2,89,permuted-mnist-task2-npz,2,1,permuted-mnist-task1-npz,C,0,0.6519607843137255,0.6519607843137255,0.0,408
189,2,89,permuted-mnist-task2-npz,2,0,OLD_TASKS_MEAN,C,0,nan,nan,0.0,0
190,2,90,permuted-mnist-task2-npz,3,1,permuted-mnist-task1-npz,C,0,0.7531446540880503,0.7531446540880503,0.0,636
190,2,90,permuted-mnist-task2-npz,3,0,OLD_TASKS_MEAN,C,0,nan,nan,0.0,0
191,2,91,permuted-mnist-task2-npz,0,1,permuted-mnist-task1-npz,C,0,0.22188449848024316,0.22188449848024316,0.0,658
191,2,91,permuted-mnist-task2-npz,0,0,OLD_TASKS_MEAN,C,0,nan,nan,0.0,0
192,2,92,permuted-mnist-task2-npz,3,1,permuted-mnist-task1-npz,C,0,0.3584905660377358,0.3584905660377358,0.0,636
192,2,92,permuted-mnist-task2-npz,3,0,OLD_TASKS_MEAN,C,0,nan,nan,0.0,0
193,2,93,permuted-mnist-task2-npz,0,1,permuted-mnist-task1-npz,C,0,0.34194528875379937,0.34194528875379937,0.0,658
193,2,93,permuted-mnist-task2-npz,0,0,OLD_TASKS_MEAN,C,0,nan,nan,0.0,0
194,2,94,permuted-mnist-task2-npz,2,1,permuted-mnist-task1-npz,C,0,0.5441176470588235,0.5441176470588235,0.0,408
194,2,94,permuted-mnist-task2-npz,2,0,OLD_TASKS_MEAN,C,0,nan,nan,0.0,0
195,2,95,permuted-mnist-task2-npz,3,1,permuted-mnist-task1-npz,C,0,0.5424528301886793,0.5424528301886793,0.0,636
195,2,95,permuted-mnist-task2-npz,3,0,OLD_TASKS_MEAN,C,0,nan,nan,0.0,0
196,2,96,permuted-mnist-task2-npz,4,1,permuted-mnist-task1-npz,C,0,0.3020833333333333,0.3020833333333333,0.0,480
196,2,96,permuted-mnist-task2-npz,4,0,OLD_TASKS_MEAN,C,0,nan,nan,0.0,0
197,2,97,permuted-mnist-task2-npz,4,1,permuted-mnist-task1-npz,C,0,0.6354166666666666,0.6354166666666666,0.0,480
197,2,97,permuted-mnist-task2-npz,4,0,OLD_TASKS_MEAN,C,0,nan,nan,0.0,0
198,2,98,permuted-mnist-task2-npz,1,1,permuted-mnist-task1-npz,C,0,0.728,0.728,0.0,125
198,2,98,permuted-mnist-task2-npz,1,0,OLD_TASKS_MEAN,C,0,nan,nan,0.0,0
199,2,99,permuted-mnist-task2-npz,3,1,permuted-mnist-task1-npz,C,0,0.2389937106918239,0.2389937106918239,0.0,636
199,2,99,permuted-mnist-task2-npz,3,0,OLD_TASKS_MEAN,C,0,nan,nan,0.0,0
200,2,100,permuted-mnist-task2-npz,2,1,permuted-mnist-task1-npz,C,0,0.8651960784313726,0.8651960784313726,0.0,408
200,2,100,permuted-mnist-task2-npz,2,0,OLD_TASKS_MEAN,C,0,nan,nan,0.0,0
201,3,1,permuted-mnist-task3-npz,3,1,permuted-mnist-task1-npz,C,0,0.6808176100628931,0.6808176100628931,0.0,636
201,3,1,permuted-mnist-task3-npz,3,2,permuted-mnist-task2-npz,C,0,0.960691823899371,0.960691823899371,0.0,636
201,3,1,permuted-mnist-task3-npz,3,0,OLD_TASKS_MEAN,C,0,nan,nan,0.0,0
202,3,2,permuted-mnist-task3-npz,4,1,permuted-mnist-task1-npz,C,0,0.09375,0.09375,0.0,480
202,3,2,permuted-mnist-task3-npz,4,2,permuted-mnist-task2-npz,C,0,0.2520833333333333,0.2520833333333333,0.0,480
202,3,2,permuted-mnist-task3-npz,4,0,OLD_TASKS_MEAN,C,0,nan,nan,0.0,0
203,3,3,permuted-mnist-task3-npz,2,1,permuted-mnist-task1-npz,C,0,0.0392156862745098,0.0392156862745098,0.0,408
203,3,3,permuted-mnist-task3-npz,2,2,permuted-mnist-task2-npz,C,0,0.3112745098039216,0.3112745098039216,0.0,408
203,3,3,permuted-mnist-task3-npz,2,0,OLD_TASKS_MEAN,C,0,nan,nan,0.0,0
204,3,4,permuted-mnist-task3-npz,0,1,permuted-mnist-task1-npz,C,0,0.3343465045592705,0.3343465045592705,0.0,658
204,3,4,permuted-mnist-task3-npz,0,2,permuted-mnist-task2-npz,C,0,0.40577507598784196,0.40577507598784196,0.0,658
204,3,4,permuted-mnist-task3-npz,0,0,OLD_TASKS_MEAN,C,0,nan,nan,0.0,0
205,3,5,permuted-mnist-task3-npz,3,1,permuted-mnist-task1-npz,C,0,0.05817610062893082,0.05817610062893082,0.0,636
205,3,5,permuted-mnist-task3-npz,3,2,permuted-mnist-task2-npz,C,0,0.3742138364779874,0.3742138364779874,0.0,636
205,3,5,permuted-mnist-task3-npz,3,0,OLD_TASKS_MEAN,C,0,nan,nan,0.0,0
206,3,6,permuted-mnist-task3-npz,3,1,permuted-mnist-task1-npz,C,0,0.059748427672955975,0.059748427672955975,0.0,636
206,3,6,permuted-mnist-task3-npz,3,2,permuted-mnist-task2-npz,C,0,0.3474842767295597,0.3474842767295597,0.0,636
206,3,6,permuted-mnist-task3-npz,3,0,OLD_TASKS_MEAN,C,0,nan,nan,0.0,0
207,3,7,permuted-mnist-task3-npz,0,1,permuted-mnist-task1-npz,C,0,0.3434650455927052,0.3434650455927052,0.0,658
207,3,7,permuted-mnist-task3-npz,0,2,permuted-mnist-task2-npz,C,0,0.3799392097264438,0.3799392097264438,0.0,658
207,3,7,permuted-mnist-task3-npz,0,0,OLD_TASKS_MEAN,C,0,nan,nan,0.0,0
208,3,8,permuted-mnist-task3-npz,2,1,permuted-mnist-task1-npz,C,0,0.10049019607843138,0.10049019607843138,0.0,408
208,3,8,permuted-mnist-task3-npz,2,2,permuted-mnist-task2-npz,C,0,0.13970588235294118,0.13970588235294118,0.0,408
208,3,8,permuted-mnist-task3-npz,2,0,OLD_TASKS_MEAN,C,0,nan,nan,0.0,0
209,3,9,permuted-mnist-task3-npz,0,1,permuted-mnist-task1-npz,C,0,0.33282674772036475,0.33282674772036475,0.0,658
209,3,9,permuted-mnist-task3-npz,0,2,permuted-mnist-task2-npz,C,0,0.37537993920972645,0.37537993920972645,0.0,658
209,3,9,permuted-mnist-task3-npz,0,0,OLD_TASKS_MEAN,C,0,nan,nan,0.0,0
210,3,10,permuted-mnist-task3-npz,3,1,permuted-mnist-task1-npz,C,0,0.059748427672955975,0.059748427672955975,0.0,636
210,3,10,permuted-mnist-task3-npz,3,2,permuted-mnist-task2-npz,C,0,0.34276729559748426,0.34276729559748426,0.0,636
210,3,10,permuted-mnist-task3-npz,3,0,OLD_TASKS_MEAN,C,0,nan,nan,0.0,0
211,3,11,permuted-mnist-task3-npz,1,1,permuted-mnist-task1-npz,C,0,0.072,0.072,0.0,125
211,3,11,permuted-mnist-task3-npz,1,2,permuted-mnist-task2-npz,C,0,0.12,0.12,0.0,125
211,3,11,permuted-mnist-task3-npz,1,0,OLD_TASKS_MEAN,C,0,nan,nan,0.0,0
212,3,12,permuted-mnist-task3-npz,0,1,permuted-mnist-task1-npz,C,0,0.3708206686930091,0.3708206686930091,0.0,658
212,3,12,permuted-mnist-task3-npz,0,2,permuted-mnist-task2-npz,C,0,0.4012158054711246,0.4012158054711246,0.0,658
212,3,12,permuted-mnist-task3-npz,0,0,OLD_TASKS_MEAN,C,0,nan,nan,0.0,0
213,3,13,permuted-mnist-task3-npz,1,1,permuted-mnist-task1-npz,C,0,0.072,0.072,0.0,125
213,3,13,permuted-mnist-task3-npz,1,2,permuted-mnist-task2-npz,C,0,0.176,0.176,0.0,125
213,3,13,permuted-mnist-task3-npz,1,0,OLD_TASKS_MEAN,C,0,nan,nan,0.0,0
214,3,14,permuted-mnist-task3-npz,3,1,permuted-mnist-task1-npz,C,0,0.05660377358490566,0.05660377358490566,0.0,636
214,3,14,permuted-mnist-task3-npz,3,2,permuted-mnist-task2-npz,C,0,0.4025157232704403,0.4025157232704403,0.0,636
214,3,14,permuted-mnist-task3-npz,3,0,OLD_TASKS_MEAN,C,0,nan,nan,0.0,0
215,3,15,permuted-mnist-task3-npz,2,1,permuted-mnist-task1-npz,C,0,0.09068627450980392,0.09068627450980392,0.0,408
215,3,15,permuted-mnist-task3-npz,2,2,permuted-mnist-task2-npz,C,0,0.14215686274509803,0.14215686274509803,0.0,408
215,3,15,permuted-mnist-task3-npz,2,0,OLD_TASKS_MEAN,C,0,nan,nan,0.0,0
216,3,16,permuted-mnist-task3-npz,4,1,permuted-mnist-task1-npz,C,0,0.05,0.05,0.0,480
216,3,16,permuted-mnist-task3-npz,4,2,permuted-mnist-task2-npz,C,0,0.075,0.075,0.0,480
216,3,16,permuted-mnist-task3-npz,4,0,OLD_TASKS_MEAN,C,0,nan,nan,0.0,0
217,3,17,permuted-mnist-task3-npz,1,1,permuted-mnist-task1-npz,C,0,0.072,0.072,0.0,125
217,3,17,permuted-mnist-task3-npz,1,2,permuted-mnist-task2-npz,C,0,0.016,0.016,0.0,125
217,3,17,permuted-mnist-task3-npz,1,0,OLD_TASKS_MEAN,C,0,nan,nan,0.0,0
218,3,18,permuted-mnist-task3-npz,3,1,permuted-mnist-task1-npz,C,0,0.0770440251572327,0.0770440251572327,0.0,636
218,3,18,permuted-mnist-task3-npz,3,2,permuted-mnist-task2-npz,C,0,0.4025157232704403,0.4025157232704403,0.0,636
218,3,18,permuted-mnist-task3-npz,3,0,OLD_TASKS_MEAN,C,0,nan,nan,0.0,0
219,3,19,permuted-mnist-task3-npz,4,1,permuted-mnist-task1-npz,C,0,0.13541666666666666,0.13541666666666666,0.0,480
219,3,19,permuted-mnist-task3-npz,4,2,permuted-mnist-task2-npz,C,0,0.175,0.175,0.0,480
219,3,19,permuted-mnist-task3-npz,4,0,OLD_TASKS_MEAN,C,0,nan,nan,0.0,0
220,3,20,permuted-mnist-task3-npz,1,1,permuted-mnist-task1-npz,C,0,0.056,0.056,0.0,125
220,3,20,permuted-mnist-task3-npz,1,2,permuted-mnist-task2-npz,C,0,0.144,0.144,0.0,125
220,3,20,permuted-mnist-task3-npz,1,0,OLD_TASKS_MEAN,C,0,nan,nan,0.0,0
221,3,21,permuted-mnist-task3-npz,0,1,permuted-mnist-task1-npz,C,0,0.3738601823708207,0.3738601823708207,0.0,658
221,3,21,permuted-mnist-task3-npz,0,2,permuted-mnist-task2-npz,C,0,0.3890577507598784,0.3890577507598784,0.0,658
221,3,21,permuted-mnist-task3-npz,0,0,OLD_TASKS_MEAN,C,0,nan,nan,0.0,0
222,3,22,permuted-mnist-task3-npz,3,1,permuted-mnist-task1-npz,C,0,0.05660377358490566,0.05660377358490566,0.0,636
222,3,22,permuted-mnist-task3-npz,3,2,permuted-mnist-task2-npz,C,0,0.34276729559748426,0.34276729559748426,0.0,636
222,3,22,permuted-mnist-task3-npz,3,0,OLD_TASKS_MEAN,C,0,nan,nan,0.0,0
223,3,23,permuted-mnist-task3-npz,3,1,permuted-mnist-task1-npz,C,0,0.055031446540880505,0.055031446540880505,0.0,636
223,3,23,permuted-mnist-task3-npz,3,2,permuted-mnist-task2-npz,C,0,0.2578616352201258,0.2578616352201258,0.0,636
223,3,23,permuted-mnist-task3-npz,3,0,OLD_TASKS_MEAN,C,0,nan,nan,0.0,0
224,3,24,permuted-mnist-task3-npz,1,1,permuted-mnist-task1-npz,C,0,0.064,0.064,0.0,125
224,3,24,permuted-mnist-task3-npz,1,2,permuted-mnist-task2-npz,C,0,0.064,0.064,0.0,125
224,3,24,permuted-mnist-task3-npz,1,0,OLD_TASKS_MEAN,C,0,nan,nan,0.0,0
225,3,25,permuted-mnist-task3-npz,2,1,permuted-mnist-task1-npz,C,0,0.0784313725490196,0.0784313725490196,0.0,408
225,3,25,permuted-mnist-task3-npz,2,2,permuted-mnist-task2-npz,C,0,0.11519607843137254,0.11519607843137254,0.0,408
225,3,25,permuted-mnist-task3-npz,2,0,OLD_TASKS_MEAN,C,0,nan,nan,0.0,0
226,3,26,permuted-mnist-task3-npz,3,1,permuted-mnist-task1-npz,C,0,0.055031446540880505,0.055031446540880505,0.0,636
226,3,26,permuted-mnist-task3-npz,3,2,permuted-mnist-task2-npz,C,0,0.19339622641509435,0.19339622641509435,0.0,636
226,3,26,permuted-mnist-task3-npz,3,0,OLD_TASKS_MEAN,C,0,nan,nan,0.0,0
227,3,27,permuted-mnist-task3-npz,4,1,permuted-mnist-task1-npz,C,0,0.04583333333333333,0.04583333333333333,0.0,480
227,3,27,permuted-mnist-task3-npz,4,2,permuted-mnist-task2-npz,C,0,0.05,0.05,0.0,480
227,3,27,permuted-mnist-task3-npz,4,0,OLD_TASKS_MEAN,C,0,nan,nan,0.0,0
228,3,28,permuted-mnist-task3-npz,0,1,permuted-mnist-task1-npz,C,0,0.025835866261398176,0.025835866261398176,0.0,658
228,3,28,permuted-mnist-task3-npz,0,2,permuted-mnist-task2-npz,C,0,0.00303951367781155,0.00303951367781155,0.0,658
228,3,28,permuted-mnist-task3-npz,0,0,OLD_TASKS_MEAN,C,0,nan,nan,0.0,0
229,3,29,permuted-mnist-task3-npz,2,1,permuted-mnist-task1-npz,C,0,0.00980392156862745,0.00980392156862745,0.0,408
229,3,29,permuted-mnist-task3-npz,2,2,permuted-mnist-task2-npz,C,0,0.25,0.25,0.0,408
229,3,29,permuted-mnist-task3-npz,2,0,OLD_TASKS_MEAN,C,0,nan,nan,0.0,0
230,3,30,permuted-mnist-task3-npz,1,1,permuted-mnist-task1-npz,C,0,0.008,0.008,0.0,125
230,3,30,permuted-mnist-task3-npz,1,2,permuted-mnist-task2-npz,C,0,0.152,0.152,0.0,125
230,3,30,permuted-mnist-task3-npz,1,0,OLD_TASKS_MEAN,C,0,nan,nan,0.0,0
231,3,31,permuted-mnist-task3-npz,1,1,permuted-mnist-task1-npz,C,0,0.008,0.008,0.0,125
231,3,31,permuted-mnist-task3-npz,1,2,permuted-mnist-task2-npz,C,0,0.328,0.328,0.0,125
231,3,31,permuted-mnist-task3-npz,1,0,OLD_TASKS_MEAN,C,0,nan,nan,0.0,0
232,3,32,permuted-mnist-task3-npz,0,1,permuted-mnist-task1-npz,C,0,0.4027355623100304,0.4027355623100304,0.0,658
232,3,32,permuted-mnist-task3-npz,0,2,permuted-mnist-task2-npz,C,0,0.3890577507598784,0.3890577507598784,0.0,658
232,3,32,permuted-mnist-task3-npz,0,0,OLD_TASKS_MEAN,C,0,nan,nan,0.0,0
233,3,33,permuted-mnist-task3-npz,2,1,permuted-mnist-task1-npz,C,0,0.007352941176470588,0.007352941176470588,0.0,408
233,3,33,permuted-mnist-task3-npz,2,2,permuted-mnist-task2-npz,C,0,0.2181372549019608,0.2181372549019608,0.0,408
233,3,33,permuted-mnist-task3-npz,2,0,OLD_TASKS_MEAN,C,0,nan,nan,0.0,0
234,3,34,permuted-mnist-task3-npz,0,1,permuted-mnist-task1-npz,C,0,0.39209726443769,0.39209726443769,0.0,658
234,3,34,permuted-mnist-task3-npz,0,2,permuted-mnist-task2-npz,C,0,0.3601823708206687,0.3601823708206687,0.0,658
234,3,34,permuted-mnist-task3-npz,0,0,OLD_TASKS_MEAN,C,0,nan,nan,0.0,0
235,3,35,permuted-mnist-task3-npz,4,1,permuted-mnist-task1-npz,C,0,0.04791666666666667,0.04791666666666667,0.0,480
235,3,35,permuted-mnist-task3-npz,4,2,permuted-mnist-task2-npz,C,0,0.04791666666666667,0.04791666666666667,0.0,480
235,3,35,permuted-mnist-task3-npz,4,0,OLD_TASKS_MEAN,C,0,nan,nan,0.0,0
236,3,36,permuted-mnist-task3-npz,2,1,permuted-mnist-task1-npz,C,0,0.031862745098039214,0.031862745098039214,0.0,408
236,3,36,permuted-mnist-task3-npz,2,2,permuted-mnist-task2-npz,C,0,0.09558823529411764,0.09558823529411764,0.0,408
236,3,36,permuted-mnist-task3-npz,2,0,OLD_TASKS_MEAN,C,0,nan,nan,0.0,0
237,3,37,permuted-mnist-task3-npz,2,1,permuted-mnist-task1-npz,C,0,0.14950980392156862,0.14950980392156862,0.0,408
237,3,37,permuted-mnist-task3-npz,2,2,permuted-mnist-task2-npz,C,0,0.35294117647058826,0.35294117647058826,0.0,408
237,3,37,permuted-mnist-task3-npz,2,0,OLD_TASKS_MEAN,C,0,nan,nan,0.0,0
238,3,38,permuted-mnist-task3-npz,1,1,permuted-mnist-task1-npz,C,0,0.112,0.112,0.0,125
238,3,38,permuted-mnist-task3-npz,1,2,permuted-mnist-task2-npz,C,0,0.264,0.264,0.0,125
238,3,38,permuted-mnist-task3-npz,1,0,OLD_TASKS_MEAN,C,0,nan,nan,0.0,0
239,3,39,permuted-mnist-task3-npz,4,1,permuted-mnist-task1-npz,C,0,0.075,0.075,0.0,480
239,3,39,permuted-mnist-task3-npz,4,2,permuted-mnist-task2-npz,C,0,0.13333333333333333,0.13333333333333333,0.0,480
239,3,39,permuted-mnist-task3-npz,4,0,OLD_TASKS_MEAN,C,0,nan,nan,0.0,0
240,3,40,permuted-mnist-task3-npz,2,1,permuted-mnist-task1-npz,C,0,0.051470588235294115,0.051470588235294115,0.0,408
240,3,40,permuted-mnist-task3-npz,2,2,permuted-mnist-task2-npz,C,0,0.15196078431372548,0.15196078431372548,0.0,408
240,3,40,permuted-mnist-task3-npz,2,0,OLD_TASKS_MEAN,C,0,nan,nan,0.0,0
241,3,41,permuted-mnist-task3-npz,4,1,permuted-mnist-task1-npz,C,0,0.075,0.075,0.0,480
241,3,41,permuted-mnist-task3-npz,4,2,permuted-mnist-task2-npz,C,0,0.12916666666666668,0.12916666666666668,0.0,480
241,3,41,permuted-mnist-task3-npz,4,0,OLD_TASKS_MEAN,C,0,nan,nan,0.0,0
242,3,42,permuted-mnist-task3-npz,3,1,permuted-mnist-task1-npz,C,0,0.009433962264150943,0.009433962264150943,0.0,636
242,3,42,permuted-mnist-task3-npz,3,2,permuted-mnist-task2-npz,C,0,0.0047169811320754715,0.0047169811320754715,0.0,636
242,3,42,permuted-mnist-task3-npz,3,0,OLD_TASKS_MEAN,C,0,nan,nan,0.0,0
243,3,43,permuted-mnist-task3-npz,4,1,permuted-mnist-task1-npz,C,0,0.07708333333333334,0.07708333333333334,0.0,480
243,3,43,permuted-mnist-task3-npz,4,2,permuted-mnist-task2-npz,C,0,0.15833333333333333,0.15833333333333333,0.0,480
243,3,43,permuted-mnist-task3-npz,4,0,OLD_TASKS_MEAN,C,0,nan,nan,0.0,0
244,3,44,permuted-mnist-task3-npz,4,1,permuted-mnist-task1-npz,C,0,0.04375,0.04375,0.0,480
244,3,44,permuted-mnist-task3-npz,4,2,permuted-mnist-task2-npz,C,0,0.058333333333333334,0.058333333333333334,0.0,480
244,3,44,permuted-mnist-task3-npz,4,0,OLD_TASKS_MEAN,C,0,nan,nan,0.0,0
245,3,45,permuted-mnist-task3-npz,3,1,permuted-mnist-task1-npz,C,0,0.020440251572327043,0.020440251572327043,0.0,636
245,3,45,permuted-mnist-task3-npz,3,2,permuted-mnist-task2-npz,C,0,0.026729559748427674,0.026729559748427674,0.0,636
245,3,45,permuted-mnist-task3-npz,3,0,OLD_TASKS_MEAN,C,0,nan,nan,0.0,0
246,3,46,permuted-mnist-task3-npz,1,1,permuted-mnist-task1-npz,C,0,0.072,0.072,0.0,125
246,3,46,permuted-mnist-task3-npz,1,2,permuted-mnist-task2-npz,C,0,0.432,0.432,0.0,125
246,3,46,permuted-mnist-task3-npz,1,0,OLD_TASKS_MEAN,C,0,nan,nan,0.0,0
247,3,47,permuted-mnist-task3-npz,3,1,permuted-mnist-task1-npz,C,0,0.059748427672955975,0.059748427672955975,0.0,636
247,3,47,permuted-mnist-task3-npz,3,2,permuted-mnist-task2-npz,C,0,0.4528301886792453,0.4528301886792453,0.0,636
247,3,47,permuted-mnist-task3-npz,3,0,OLD_TASKS_MEAN,C,0,nan,nan,0.0,0
248,3,48,permuted-mnist-task3-npz,1,1,permuted-mnist-task1-npz,C,0,0.08,0.08,0.0,125
248,3,48,permuted-mnist-task3-npz,1,2,permuted-mnist-task2-npz,C,0,0.416,0.416,0.0,125
248,3,48,permuted-mnist-task3-npz,1,0,OLD_TASKS_MEAN,C,0,nan,nan,0.0,0
249,3,49,permuted-mnist-task3-npz,4,1,permuted-mnist-task1-npz,C,0,0.09583333333333334,0.09583333333333334,0.0,480
249,3,49,permuted-mnist-task3-npz,4,2,permuted-mnist-task2-npz,C,0,0.17083333333333334,0.17083333333333334,0.0,480
249,3,49,permuted-mnist-task3-npz,4,0,OLD_TASKS_MEAN,C,0,nan,nan,0.0,0
250,3,50,permuted-mnist-task3-npz,1,1,permuted-mnist-task1-npz,C,0,0.04,0.04,0.0,125
250,3,50,permuted-mnist-task3-npz,1,2,permuted-mnist-task2-npz,C,0,0.224,0.224,0.0,125
250,3,50,permuted-mnist-task3-npz,1,0,OLD_TASKS_MEAN,C,0,nan,nan,0.0,0
251,3,51,permuted-mnist-task3-npz,0,1,permuted-mnist-task1-npz,C,0,0.32066869300911854,0.32066869300911854,0.0,658
251,3,51,permuted-mnist-task3-npz,0,2,permuted-mnist-task2-npz,C,0,0.30851063829787234,0.30851063829787234,0.0,658
251,3,51,permuted-mnist-task3-npz,0,0,OLD_TASKS_MEAN,C,0,nan,nan,0.0,0
252,3,52,permuted-mnist-task3-npz,0,1,permuted-mnist-task1-npz,C,0,0.31458966565349544,0.31458966565349544,0.0,658
252,3,52,permuted-mnist-task3-npz,0,2,permuted-mnist-task2-npz,C,0,0.3252279635258359,0.3252279635258359,0.0,658
252,3,52,permuted-mnist-task3-npz,0,0,OLD_TASKS_MEAN,C,0,nan,nan,0.0,0
253,3,53,permuted-mnist-task3-npz,2,1,permuted-mnist-task1-npz,C,0,0.1323529411764706,0.1323529411764706,0.0,408
253,3,53,permuted-mnist-task3-npz,2,2,permuted-mnist-task2-npz,C,0,0.4583333333333333,0.4583333333333333,0.0,408
253,3,53,permuted-mnist-task3-npz,2,0,OLD_TASKS_MEAN,C,0,nan,nan,0.0,0
254,3,54,permuted-mnist-task3-npz,3,1,permuted-mnist-task1-npz,C,0,0.06132075471698113,0.06132075471698113,0.0,636
254,3,54,permuted-mnist-task3-npz,3,2,permuted-mnist-task2-npz,C,0,0.38836477987421386,0.38836477987421386,0.0,636
254,3,54,permuted-mnist-task3-npz,3,0,OLD_TASKS_MEAN,C,0,nan,nan,0.0,0
255,3,55,permuted-mnist-task3-npz,1,1,permuted-mnist-task1-npz,C,0,0.064,0.064,0.0,125
255,3,55,permuted-mnist-task3-npz,1,2,permuted-mnist-task2-npz,C,0,0.424,0.424,0.0,125
255,3,55,permuted-mnist-task3-npz,1,0,OLD_TASKS_MEAN,C,0,nan,nan,0.0,0
256,3,56,permuted-mnist-task3-npz,4,1,permuted-mnist-task1-npz,C,0,0.08958333333333333,0.08958333333333333,0.0,480
256,3,56,permuted-mnist-task3-npz,4,2,permuted-mnist-task2-npz,C,0,0.17291666666666666,0.17291666666666666,0.0,480
256,3,56,permuted-mnist-task3-npz,4,0,OLD_TASKS_MEAN,C,0,nan,nan,0.0,0
257,3,57,permuted-mnist-task3-npz,1,1,permuted-mnist-task1-npz,C,0,0.088,0.088,0.0,125
257,3,57,permuted-mnist-task3-npz,1,2,permuted-mnist-task2-npz,C,0,0.264,0.264,0.0,125
257,3,57,permuted-mnist-task3-npz,1,0,OLD_TASKS_MEAN,C,0,nan,nan,0.0,0
258,3,58,permuted-mnist-task3-npz,2,1,permuted-mnist-task1-npz,C,0,0.1642156862745098,0.1642156862745098,0.0,408
258,3,58,permuted-mnist-task3-npz,2,2,permuted-mnist-task2-npz,C,0,0.4534313725490196,0.4534313725490196,0.0,408
258,3,58,permuted-mnist-task3-npz,2,0,OLD_TASKS_MEAN,C,0,nan,nan,0.0,0
259,3,59,permuted-mnist-task3-npz,1,1,permuted-mnist-task1-npz,C,0,0.128,0.128,0.0,125
259,3,59,permuted-mnist-task3-npz,1,2,permuted-mnist-task2-npz,C,0,0.384,0.384,0.0,125
259,3,59,permuted-mnist-task3-npz,1,0,OLD_TASKS_MEAN,C,0,nan,nan,0.0,0
260,3,60,permuted-mnist-task3-npz,2,1,permuted-mnist-task1-npz,C,0,0.17647058823529413,0.17647058823529413,0.0,408
260,3,60,permuted-mnist-task3-npz,2,2,permuted-mnist-task2-npz,C,0,0.43137254901960786,0.43137254901960786,0.0,408
260,3,60,permuted-mnist-task3-npz,2,0,OLD_TASKS_MEAN,C,0,nan,nan,0.0,0
261,3,61,permuted-mnist-task3-npz,0,1,permuted-mnist-task1-npz,C,0,0.3662613981762918,0.3662613981762918,0.0,658
261,3,61,permuted-mnist-task3-npz,0,2,permuted-mnist-task2-npz,C,0,0.35714285714285715,0.35714285714285715,0.0,658
261,3,61,permuted-mnist-task3-npz,0,0,OLD_TASKS_MEAN,C,0,nan,nan,0.0,0
262,3,62,permuted-mnist-task3-npz,4,1,permuted-mnist-task1-npz,C,0,0.08958333333333333,0.08958333333333333,0.0,480
262,3,62,permuted-mnist-task3-npz,4,2,permuted-mnist-task2-npz,C,0,0.14791666666666667,0.14791666666666667,0.0,480
262,3,62,permuted-mnist-task3-npz,4,0,OLD_TASKS_MEAN,C,0,nan,nan,0.0,0
263,3,63,permuted-mnist-task3-npz,4,1,permuted-mnist-task1-npz,C,0,0.04791666666666667,0.04791666666666667,0.0,480
263,3,63,permuted-mnist-task3-npz,4,2,permuted-mnist-task2-npz,C,0,0.058333333333333334,0.058333333333333334,0.0,480
263,3,63,permuted-mnist-task3-npz,4,0,OLD_TASKS_MEAN,C,0,nan,nan,0.0,0
264,3,64,permuted-mnist-task3-npz,3,1,permuted-mnist-task1-npz,C,0,0.03459119496855346,0.03459119496855346,0.0,636
264,3,64,permuted-mnist-task3-npz,3,2,permuted-mnist-task2-npz,C,0,0.07389937106918239,0.07389937106918239,0.0,636
264,3,64,permuted-mnist-task3-npz,3,0,OLD_TASKS_MEAN,C,0,nan,nan,0.0,0
265,3,65,permuted-mnist-task3-npz,2,1,permuted-mnist-task1-npz,C,0,0.10784313725490197,0.10784313725490197,0.0,408
265,3,65,permuted-mnist-task3-npz,2,2,permuted-mnist-task2-npz,C,0,0.3602941176470588,0.3602941176470588,0.0,408
265,3,65,permuted-mnist-task3-npz,2,0,OLD_TASKS_MEAN,C,0,nan,nan,0.0,0
266,3,66,permuted-mnist-task3-npz,3,1,permuted-mnist-task1-npz,C,0,0.059748427672955975,0.059748427672955975,0.0,636
266,3,66,permuted-mnist-task3-npz,3,2,permuted-mnist-task2-npz,C,0,0.35691823899371067,0.35691823899371067,0.0,636
266,3,66,permuted-mnist-task3-npz,3,0,OLD_TASKS_MEAN,C,0,nan,nan,0.0,0
267,3,67,permuted-mnist-task3-npz,2,1,permuted-mnist-task1-npz,C,0,0.09558823529411764,0.09558823529411764,0.0,408
267,3,67,permuted-mnist-task3-npz,2,2,permuted-mnist-task2-npz,C,0,0.33088235294117646,0.33088235294117646,0.0,408
267,3,67,permuted-mnist-task3-npz,2,0,OLD_TASKS_MEAN,C,0,nan,nan,0.0,0
268,3,68,permuted-mnist-task3-npz,4,1,permuted-mnist-task1-npz,C,0,0.06458333333333334,0.06458333333333334,0.0,480
268,3,68,permuted-mnist-task3-npz,4,2,permuted-mnist-task2-npz,C,0,0.13125,0.13125,0.0,480
268,3,68,permuted-mnist-task3-npz,4,0,OLD_TASKS_MEAN,C,0,nan,nan,0.0,0
269,3,69,permuted-mnist-task3-npz,0,1,permuted-mnist-task1-npz,C,0,0.07142857142857142,0.07142857142857142,0.0,658
269,3,69,permuted-mnist-task3-npz,0,2,permuted-mnist-task2-npz,C,0,0.06382978723404255,0.06382978723404255,0.0,658
269,3,69,permuted-mnist-task3-npz,0,0,OLD_TASKS_MEAN,C,0,nan,nan,0.0,0
270,3,70,permuted-mnist-task3-npz,1,1,permuted-mnist-task1-npz,C,0,0.064,0.064,0.0,125
270,3,70,permuted-mnist-task3-npz,1,2,permuted-mnist-task2-npz,C,0,0.312,0.312,0.0,125
270,3,70,permuted-mnist-task3-npz,1,0,OLD_TASKS_MEAN,C,0,nan,nan,0.0,0
271,3,71,permuted-mnist-task3-npz,2,1,permuted-mnist-task1-npz,C,0,0.11029411764705882,0.11029411764705882,0.0,408
271,3,71,permuted-mnist-task3-npz,2,2,permuted-mnist-task2-npz,C,0,0.35784313725490197,0.35784313725490197,0.0,408
271,3,71,permuted-mnist-task3-npz,2,0,OLD_TASKS_MEAN,C,0,nan,nan,0.0,0
272,3,72,permuted-mnist-task3-npz,3,1,permuted-mnist-task1-npz,C,0,0.05817610062893082,0.05817610062893082,0.0,636
272,3,72,permuted-mnist-task3-npz,3,2,permuted-mnist-task2-npz,C,0,0.3474842767295597,0.3474842767295597,0.0,636
272,3,72,permuted-mnist-task3-npz,3,0,OLD_TASKS_MEAN,C,0,nan,nan,0.0,0
273,3,73,permuted-mnist-task3-npz,3,1,permuted-mnist-task1-npz,C,0,0.059748427672955975,0.059748427672955975,0.0,636
273,3,73,permuted-mnist-task3-npz,3,2,permuted-mnist-task2-npz,C,0,0.3490566037735849,0.3490566037735849,0.0,636
273,3,73,permuted-mnist-task3-npz,3,0,OLD_TASKS_MEAN,C,0,nan,nan,0.0,0
274,3,74,permuted-mnist-task3-npz,3,1,permuted-mnist-task1-npz,C,0,0.059748427672955975,0.059748427672955975,0.0,636
274,3,74,permuted-mnist-task3-npz,3,2,permuted-mnist-task2-npz,C,0,0.3522012578616352,0.3522012578616352,0.0,636
274,3,74,permuted-mnist-task3-npz,3,0,OLD_TASKS_MEAN,C,0,nan,nan,0.0,0
275,3,75,permuted-mnist-task3-npz,4,1,permuted-mnist-task1-npz,C,0,0.06666666666666667,0.06666666666666667,0.0,480
275,3,75,permuted-mnist-task3-npz,4,2,permuted-mnist-task2-npz,C,0,0.12916666666666668,0.12916666666666668,0.0,480
275,3,75,permuted-mnist-task3-npz,4,0,OLD_TASKS_MEAN,C,0,nan,nan,0.0,0
276,3,76,permuted-mnist-task3-npz,4,1,permuted-mnist-task1-npz,C,0,0.04583333333333333,0.04583333333333333,0.0,480
276,3,76,permuted-mnist-task3-npz,4,2,permuted-mnist-task2-npz,C,0,0.06666666666666667,0.06666666666666667,0.0,480
276,3,76,permuted-mnist-task3-npz,4,0,OLD_TASKS_MEAN,C,0,nan,nan,0.0,0
277,3,77,permuted-mnist-task3-npz,4,1,permuted-mnist-task1-npz,C,0,0.04791666666666667,0.04791666666666667,0.0,480
277,3,77,permuted-mnist-task3-npz,4,2,permuted-mnist-task2-npz,C,0,0.06458333333333334,0.06458333333333334,0.0,480
277,3,77,permuted-mnist-task3-npz,4,0,OLD_TASKS_MEAN,C,0,nan,nan,0.0,0
278,3,78,permuted-mnist-task3-npz,1,1,permuted-mnist-task1-npz,C,0,0.064,0.064,0.0,125
278,3,78,permuted-mnist-task3-npz,1,2,permuted-mnist-task2-npz,C,0,0.24,0.24,0.0,125
278,3,78,permuted-mnist-task3-npz,1,0,OLD_TASKS_MEAN,C,0,nan,nan,0.0,0
279,3,79,permuted-mnist-task3-npz,3,1,permuted-mnist-task1-npz,C,0,0.055031446540880505,0.055031446540880505,0.0,636
279,3,79,permuted-mnist-task3-npz,3,2,permuted-mnist-task2-npz,C,0,0.31761006289308175,0.31761006289308175,0.0,636
279,3,79,permuted-mnist-task3-npz,3,0,OLD_TASKS_MEAN,C,0,nan,nan,0.0,0
280,3,80,permuted-mnist-task3-npz,3,1,permuted-mnist-task1-npz,C,0,0.059748427672955975,0.059748427672955975,0.0,636
280,3,80,permuted-mnist-task3-npz,3,2,permuted-mnist-task2-npz,C,0,0.35062893081761004,0.35062893081761004,0.0,636
280,3,80,permuted-mnist-task3-npz,3,0,OLD_TASKS_MEAN,C,0,nan,nan,0.0,0
281,3,81,permuted-mnist-task3-npz,3,1,permuted-mnist-task1-npz,C,0,0.059748427672955975,0.059748427672955975,0.0,636
281,3,81,permuted-mnist-task3-npz,3,2,permuted-mnist-task2-npz,C,0,0.3474842767295597,0.3474842767295597,0.0,636
281,3,81,permuted-mnist-task3-npz,3,0,OLD_TASKS_MEAN,C,0,nan,nan,0.0,0
282,3,82,permuted-mnist-task3-npz,3,1,permuted-mnist-task1-npz,C,0,0.059748427672955975,0.059748427672955975,0.0,636
282,3,82,permuted-mnist-task3-npz,3,2,permuted-mnist-task2-npz,C,0,0.34591194968553457,0.34591194968553457,0.0,636
282,3,82,permuted-mnist-task3-npz,3,0,OLD_TASKS_MEAN,C,0,nan,nan,0.0,0
283,3,83,permuted-mnist-task3-npz,2,1,permuted-mnist-task1-npz,C,0,0.0857843137254902,0.0857843137254902,0.0,408
283,3,83,permuted-mnist-task3-npz,2,2,permuted-mnist-task2-npz,C,0,0.28431372549019607,0.28431372549019607,0.0,408
283,3,83,permuted-mnist-task3-npz,2,0,OLD_TASKS_MEAN,C,0,nan,nan,0.0,0
284,3,84,permuted-mnist-task3-npz,2,1,permuted-mnist-task1-npz,C,0,0.0857843137254902,0.0857843137254902,0.0,408
284,3,84,permuted-mnist-task3-npz,2,2,permuted-mnist-task2-npz,C,0,0.2818627450980392,0.2818627450980392,0.0,408
284,3,84,permuted-mnist-task3-npz,2,0,OLD_TASKS_MEAN,C,0,nan,nan,0.0,0
285,3,85,permuted-mnist-task3-npz,0,1,permuted-mnist-task1-npz,C,0,0.36322188449848025,0.36322188449848025,0.0,658
285,3,85,permuted-mnist-task3-npz,0,2,permuted-mnist-task2-npz,C,0,0.3495440729483283,0.3495440729483283,0.0,658
285,3,85,permuted-mnist-task3-npz,0,0,OLD_TASKS_MEAN,C,0,nan,nan,0.0,0
286,3,86,permuted-mnist-task3-npz,0,1,permuted-mnist-task1-npz,C,0,0.36930091185410335,0.36930091185410335,0.0,658
286,3,86,permuted-mnist-task3-npz,0,2,permuted-mnist-task2-npz,C,0,0.3525835866261398,0.3525835866261398,0.0,658
286,3,86,permuted-mnist-task3-npz,0,0,OLD_TASKS_MEAN,C,0,nan,nan,0.0,0
287,3,87,permuted-mnist-task3-npz,0,1,permuted-mnist-task1-npz,C,0,0.36930091185410335,0.36930091185410335,0.0,658
287,3,87,permuted-mnist-task3-npz,0,2,permuted-mnist-task2-npz,C,0,0.3541033434650456,0.3541033434650456,0.0,658
287,3,87,permuted-mnist-task3-npz,0,0,OLD_TASKS_MEAN,C,0,nan,nan,0.0,0
288,3,88,permuted-mnist-task3-npz,1,1,permuted-mnist-task1-npz,C,0,0.032,0.032,0.0,125
288,3,88,permuted-mnist-task3-npz,1,2,permuted-mnist-task2-npz,C,0,0.264,0.264,0.0,125
288,3,88,permuted-mnist-task3-npz,1,0,OLD_TASKS_MEAN,C,0,nan,nan,0.0,0
289,3,89,permuted-mnist-task3-npz,1,1,permuted-mnist-task1-npz,C,0,0.024,0.024,0.0,125
289,3,89,permuted-mnist-task3-npz,1,2,permuted-mnist-task2-npz,C,0,0.256,0.256,0.0,125
289,3,89,permuted-mnist-task3-npz,1,0,OLD_TASKS_MEAN,C,0,nan,nan,0.0,0
290,3,90,permuted-mnist-task3-npz,4,1,permuted-mnist-task1-npz,C,0,0.058333333333333334,0.058333333333333334,0.0,480
290,3,90,permuted-mnist-task3-npz,4,2,permuted-mnist-task2-npz,C,0,0.125,0.125,0.0,480
290,3,90,permuted-mnist-task3-npz,4,0,OLD_TASKS_MEAN,C,0,nan,nan,0.0,0
291,3,91,permuted-mnist-task3-npz,1,1,permuted-mnist-task1-npz,C,0,0.064,0.064,0.0,125
291,3,91,permuted-mnist-task3-npz,1,2,permuted-mnist-task2-npz,C,0,0.24,0.24,0.0,125
291,3,91,permuted-mnist-task3-npz,1,0,OLD_TASKS_MEAN,C,0,nan,nan,0.0,0
292,3,92,permuted-mnist-task3-npz,1,1,permuted-mnist-task1-npz,C,0,0.088,0.088,0.0,125
292,3,92,permuted-mnist-task3-npz,1,2,permuted-mnist-task2-npz,C,0,0.344,0.344,0.0,125
292,3,92,permuted-mnist-task3-npz,1,0,OLD_TASKS_MEAN,C,0,nan,nan,0.0,0
293,3,93,permuted-mnist-task3-npz,0,1,permuted-mnist-task1-npz,C,0,0.22340425531914893,0.22340425531914893,0.0,658
293,3,93,permuted-mnist-task3-npz,0,2,permuted-mnist-task2-npz,C,0,0.2917933130699088,0.2917933130699088,0.0,658
293,3,93,permuted-mnist-task3-npz,0,0,OLD_TASKS_MEAN,C,0,nan,nan,0.0,0
294,3,94,permuted-mnist-task3-npz,0,1,permuted-mnist-task1-npz,C,0,0.2629179331306991,0.2629179331306991,0.0,658
294,3,94,permuted-mnist-task3-npz,0,2,permuted-mnist-task2-npz,C,0,0.331306990881459,0.331306990881459,0.0,658
294,3,94,permuted-mnist-task3-npz,0,0,OLD_TASKS_MEAN,C,0,nan,nan,0.0,0
295,3,95,permuted-mnist-task3-npz,3,1,permuted-mnist-task1-npz,C,0,0.06132075471698113,0.06132075471698113,0.0,636
295,3,95,permuted-mnist-task3-npz,3,2,permuted-mnist-task2-npz,C,0,0.3553459119496855,0.3553459119496855,0.0,636
295,3,95,permuted-mnist-task3-npz,3,0,OLD_TASKS_MEAN,C,0,nan,nan,0.0,0
296,3,96,permuted-mnist-task3-npz,1,1,permuted-mnist-task1-npz,C,0,0.04,0.04,0.0,125
296,3,96,permuted-mnist-task3-npz,1,2,permuted-mnist-task2-npz,C,0,0.288,0.288,0.0,125
296,3,96,permuted-mnist-task3-npz,1,0,OLD_TASKS_MEAN,C,0,nan,nan,0.0,0
297,3,97,permuted-mnist-task3-npz,3,1,permuted-mnist-task1-npz,C,0,0.059748427672955975,0.059748427672955975,0.0,636
297,3,97,permuted-mnist-task3-npz,3,2,permuted-mnist-task2-npz,C,0,0.36163522012578614,0.36163522012578614,0.0,636
297,3,97,permuted-mnist-task3-npz,3,0,OLD_TASKS_MEAN,C,0,nan,nan,0.0,0
298,3,98,permuted-mnist-task3-npz,0,1,permuted-mnist-task1-npz,C,0,0.3373860182370821,0.3373860182370821,0.0,658
298,3,98,permuted-mnist-task3-npz,0,2,permuted-mnist-task2-npz,C,0,0.3465045592705167,0.3465045592705167,0.0,658
298,3,98,permuted-mnist-task3-npz,0,0,OLD_TASKS_MEAN,C,0,nan,nan,0.0,0
299,3,99,permuted-mnist-task3-npz,3,1,permuted-mnist-task1-npz,C,0,0.05817610062893082,0.05817610062893082,0.0,636
299,3,99,permuted-mnist-task3-npz,3,2,permuted-mnist-task2-npz,C,0,0.360062893081761,0.360062893081761,0.0,636
299,3,99,permuted-mnist-task3-npz,3,0,OLD_TASKS_MEAN,C,0,nan,nan,0.0,0
300,3,100,permuted-mnist-task3-npz,1,1,permuted-mnist-task1-npz,C,0,0.04,0.04,0.0,125
300,3,100,permuted-mnist-task3-npz,1,2,permuted-mnist-task2-npz,C,0,0.288,0.288,0.0,125
300,3,100,permuted-mnist-task3-npz,1,0,OLD_TASKS_MEAN,C,0,nan,nan,0.0,0
301,4,1,permuted-mnist-task4-npz,0,1,permuted-mnist-task1-npz,C,0,0.34194528875379937,0.34194528875379937,0.0,658
301,4,1,permuted-mnist-task4-npz,0,2,permuted-mnist-task2-npz,C,0,0.34802431610942247,0.34802431610942247,0.0,658
301,4,1,permuted-mnist-task4-npz,0,3,permuted-mnist-task3-npz,C,0,1.0,1.0,0.0,584
301,4,1,permuted-mnist-task4-npz,0,0,OLD_TASKS_MEAN,C,0,nan,nan,0.0,0
302,4,2,permuted-mnist-task4-npz,4,1,permuted-mnist-task1-npz,C,0,0.058333333333333334,0.058333333333333334,0.0,480
302,4,2,permuted-mnist-task4-npz,4,2,permuted-mnist-task2-npz,C,0,0.07291666666666667,0.07291666666666667,0.0,480
302,4,2,permuted-mnist-task4-npz,4,3,permuted-mnist-task3-npz,C,0,0.1355421686746988,0.1355421686746988,0.0,332
302,4,2,permuted-mnist-task4-npz,4,0,OLD_TASKS_MEAN,C,0,nan,nan,0.0,0
303,4,3,permuted-mnist-task4-npz,1,1,permuted-mnist-task1-npz,C,0,0.04,0.04,0.0,125
303,4,3,permuted-mnist-task4-npz,1,2,permuted-mnist-task2-npz,C,0,0.04,0.04,0.0,125
303,4,3,permuted-mnist-task4-npz,1,3,permuted-mnist-task3-npz,C,0,0.01818181818181818,0.01818181818181818,0.0,330
303,4,3,permuted-mnist-task4-npz,1,0,OLD_TASKS_MEAN,C,0,nan,nan,0.0,0
304,4,4,permuted-mnist-task4-npz,1,1,permuted-mnist-task1-npz,C,0,0.0,0.0,0.0,125
304,4,4,permuted-mnist-task4-npz,1,2,permuted-mnist-task2-npz,C,0,0.024,0.024,0.0,125
304,4,4,permuted-mnist-task4-npz,1,3,permuted-mnist-task3-npz,C,0,1.0,1.0,0.0,330
304,4,4,permuted-mnist-task4-npz,1,0,OLD_TASKS_MEAN,C,0,nan,nan,0.0,0
305,4,5,permuted-mnist-task4-npz,0,1,permuted-mnist-task1-npz,C,0,0.2750759878419453,0.2750759878419453,0.0,658
305,4,5,permuted-mnist-task4-npz,0,2,permuted-mnist-task2-npz,C,0,0.37537993920972645,0.37537993920972645,0.0,658
305,4,5,permuted-mnist-task4-npz,0,3,permuted-mnist-task3-npz,C,0,0.9931506849315068,0.9931506849315068,0.0,584
305,4,5,permuted-mnist-task4-npz,0,0,OLD_TASKS_MEAN,C,0,nan,nan,0.0,0
306,4,6,permuted-mnist-task4-npz,2,1,permuted-mnist-task1-npz,C,0,0.0024509803921568627,0.0024509803921568627,0.0,408
306,4,6,permuted-mnist-task4-npz,2,2,permuted-mnist-task2-npz,C,0,0.0024509803921568627,0.0024509803921568627,0.0,408
306,4,6,permuted-mnist-task4-npz,2,3,permuted-mnist-task3-npz,C,0,0.9502551020408163,0.9502551020408163,0.0,784
306,4,6,permuted-mnist-task4-npz,2,0,OLD_TASKS_MEAN,C,0,nan,nan,0.0,0
307,4,7,permuted-mnist-task4-npz,1,1,permuted-mnist-task1-npz,C,0,0.0,0.0,0.0,125
307,4,7,permuted-mnist-task4-npz,1,2,permuted-mnist-task2-npz,C,0,0.0,0.0,0.0,125
307,4,7,permuted-mnist-task4-npz,1,3,permuted-mnist-task3-npz,C,0,0.9303030303030303,0.9303030303030303,0.0,330
307,4,7,permuted-mnist-task4-npz,1,0,OLD_TASKS_MEAN,C,0,nan,nan,0.0,0
308,4,8,permuted-mnist-task4-npz,1,1,permuted-mnist-task1-npz,C,0,0.0,0.0,0.0,125
308,4,8,permuted-mnist-task4-npz,1,2,permuted-mnist-task2-npz,C,0,0.0,0.0,0.0,125
308,4,8,permuted-mnist-task4-npz,1,3,permuted-mnist-task3-npz,C,0,0.9696969696969697,0.9696969696969697,0.0,330
308,4,8,permuted-mnist-task4-npz,1,0,OLD_TASKS_MEAN,C,0,nan,nan,0.0,0
309,4,9,permuted-mnist-task4-npz,3,1,permuted-mnist-task1-npz,C,0,0.05345911949685535,0.05345911949685535,0.0,636
309,4,9,permuted-mnist-task4-npz,3,2,permuted-mnist-task2-npz,C,0,0.05660377358490566,0.05660377358490566,0.0,636
309,4,9,permuted-mnist-task4-npz,3,3,permuted-mnist-task3-npz,C,0,0.9959979989994997,0.9959979989994997,0.0,1999
309,4,9,permuted-mnist-task4-npz,3,0,OLD_TASKS_MEAN,C,0,nan,nan,0.0,0
310,4,10,permuted-mnist-task4-npz,3,1,permuted-mnist-task1-npz,C,0,0.05660377358490566,0.05660377358490566,0.0,636
310,4,10,permuted-mnist-task4-npz,3,2,permuted-mnist-task2-npz,C,0,0.05660377358490566,0.05660377358490566,0.0,636
310,4,10,permuted-mnist-task4-npz,3,3,permuted-mnist-task3-npz,C,0,0.9489744872436218,0.9489744872436218,0.0,1999
310,4,10,permuted-mnist-task4-npz,3,0,OLD_TASKS_MEAN,C,0,nan,nan,0.0,0
311,4,11,permuted-mnist-task4-npz,0,1,permuted-mnist-task1-npz,C,0,0.12006079027355623,0.12006079027355623,0.0,658
311,4,11,permuted-mnist-task4-npz,0,2,permuted-mnist-task2-npz,C,0,0.2872340425531915,0.2872340425531915,0.0,658
311,4,11,permuted-mnist-task4-npz,0,3,permuted-mnist-task3-npz,C,0,0.9332191780821918,0.9332191780821918,0.0,584
311,4,11,permuted-mnist-task4-npz,0,0,OLD_TASKS_MEAN,C,0,nan,nan,0.0,0
312,4,12,permuted-mnist-task4-npz,0,1,permuted-mnist-task1-npz,C,0,0.12462006079027356,0.12462006079027356,0.0,658
312,4,12,permuted-mnist-task4-npz,0,2,permuted-mnist-task2-npz,C,0,0.2933130699088146,0.2933130699088146,0.0,658
312,4,12,permuted-mnist-task4-npz,0,3,permuted-mnist-task3-npz,C,0,0.910958904109589,0.910958904109589,0.0,584
312,4,12,permuted-mnist-task4-npz,0,0,OLD_TASKS_MEAN,C,0,nan,nan,0.0,0
313,4,13,permuted-mnist-task4-npz,1,1,permuted-mnist-task1-npz,C,0,0.0,0.0,0.0,125
313,4,13,permuted-mnist-task4-npz,1,2,permuted-mnist-task2-npz,C,0,0.0,0.0,0.0,125
313,4,13,permuted-mnist-task4-npz,1,3,permuted-mnist-task3-npz,C,0,0.9272727272727272,0.9272727272727272,0.0,330
313,4,13,permuted-mnist-task4-npz,1,0,OLD_TASKS_MEAN,C,0,nan,nan,0.0,0
314,4,14,permuted-mnist-task4-npz,3,1,permuted-mnist-task1-npz,C,0,0.04716981132075472,0.04716981132075472,0.0,636
314,4,14,permuted-mnist-task4-npz,3,2,permuted-mnist-task2-npz,C,0,0.05660377358490566,0.05660377358490566,0.0,636
314,4,14,permuted-mnist-task4-npz,3,3,permuted-mnist-task3-npz,C,0,0.9889944972486243,0.9889944972486243,0.0,1999
314,4,14,permuted-mnist-task4-npz,3,0,OLD_TASKS_MEAN,C,0,nan,nan,0.0,0
315,4,15,permuted-mnist-task4-npz,1,1,permuted-mnist-task1-npz,C,0,0.0,0.0,0.0,125
315,4,15,permuted-mnist-task4-npz,1,2,permuted-mnist-task2-npz,C,0,0.0,0.0,0.0,125
315,4,15,permuted-mnist-task4-npz,1,3,permuted-mnist-task3-npz,C,0,0.9121212121212121,0.9121212121212121,0.0,330
315,4,15,permuted-mnist-task4-npz,1,0,OLD_TASKS_MEAN,C,0,nan,nan,0.0,0
316,4,16,permuted-mnist-task4-npz,2,1,permuted-mnist-task1-npz,C,0,0.0024509803921568627,0.0024509803921568627,0.0,408
316,4,16,permuted-mnist-task4-npz,2,2,permuted-mnist-task2-npz,C,0,0.0024509803921568627,0.0024509803921568627,0.0,408
316,4,16,permuted-mnist-task4-npz,2,3,permuted-mnist-task3-npz,C,0,0.9808673469387755,0.9808673469387755,0.0,784
316,4,16,permuted-mnist-task4-npz,2,0,OLD_TASKS_MEAN,C,0,nan,nan,0.0,0
317,4,17,permuted-mnist-task4-npz,0,1,permuted-mnist-task1-npz,C,0,0.16717325227963525,0.16717325227963525,0.0,658
317,4,17,permuted-mnist-task4-npz,0,2,permuted-mnist-task2-npz,C,0,0.331306990881459,0.331306990881459,0.0,658
317,4,17,permuted-mnist-task4-npz,0,3,permuted-mnist-task3-npz,C,0,0.9623287671232876,0.9623287671232876,0.0,584
317,4,17,permuted-mnist-task4-npz,0,0,OLD_TASKS_MEAN,C,0,nan,nan,0.0,0
318,4,18,permuted-mnist-task4-npz,0,1,permuted-mnist-task1-npz,C,0,0.16717325227963525,0.16717325227963525,0.0,658
318,4,18,permuted-mnist-task4-npz,0,2,permuted-mnist-task2-npz,C,0,0.32978723404255317,0.32978723404255317,0.0,658
318,4,18,permuted-mnist-task4-npz,0,3,permuted-mnist-task3-npz,C,0,0.9606164383561644,0.9606164383561644,0.0,584
318,4,18,permuted-mnist-task4-npz,0,0,OLD_TASKS_MEAN,C,0,nan,nan,0.0,0
319,4,19,permuted-mnist-task4-npz,3,1,permuted-mnist-task1-npz,C,0,0.05345911949685535,0.05345911949685535,0.0,636
319,4,19,permuted-mnist-task4-npz,3,2,permuted-mnist-task2-npz,C,0,0.05660377358490566,0.05660377358490566,0.0,636
319,4,19,permuted-mnist-task4-npz,3,3,permuted-mnist-task3-npz,C,0,0.9634817408704353,0.9634817408704353,0.0,1999
319,4,19,permuted-mnist-task4-npz,3,0,OLD_TASKS_MEAN,C,0,nan,nan,0.0,0
320,4,20,permuted-mnist-task4-npz,3,1,permuted-mnist-task1-npz,C,0,0.055031446540880505,0.055031446540880505,0.0,636
320,4,20,permuted-mnist-task4-npz,3,2,permuted-mnist-task2-npz,C,0,0.05660377358490566,0.05660377358490566,0.0,636
320,4,20,permuted-mnist-task4-npz,3,3,permuted-mnist-task3-npz,C,0,0.9424712356178089,0.9424712356178089,0.0,1999
320,4,20,permuted-mnist-task4-npz,3,0,OLD_TASKS_MEAN,C,0,nan,nan,0.0,0
321,4,21,permuted-mnist-task4-npz,4,1,permuted-mnist-task1-npz,C,0,0.04583333333333333,0.04583333333333333,0.0,480
321,4,21,permuted-mnist-task4-npz,4,2,permuted-mnist-task2-npz,C,0,0.04583333333333333,0.04583333333333333,0.0,480
321,4,21,permuted-mnist-task4-npz,4,3,permuted-mnist-task3-npz,C,0,0.006024096385542169,0.006024096385542169,0.0,332
321,4,21,permuted-mnist-task4-npz,4,0,OLD_TASKS_MEAN,C,0,nan,nan,0.0,0
322,4,22,permuted-mnist-task4-npz,2,1,permuted-mnist-task1-npz,C,0,0.0024509803921568627,0.0024509803921568627,0.0,408
322,4,22,permuted-mnist-task4-npz,2,2,permuted-mnist-task2-npz,C,0,0.007352941176470588,0.007352941176470588,0.0,408
322,4,22,permuted-mnist-task4-npz,2,3,permuted-mnist-task3-npz,C,0,0.006377551020408163,0.006377551020408163,0.0,784
322,4,22,permuted-mnist-task4-npz,2,0,OLD_TASKS_MEAN,C,0,nan,nan,0.0,0
323,4,23,permuted-mnist-task4-npz,1,1,permuted-mnist-task1-npz,C,0,0.024,0.024,0.0,125
323,4,23,permuted-mnist-task4-npz,1,2,permuted-mnist-task2-npz,C,0,0.136,0.136,0.0,125
323,4,23,permuted-mnist-task4-npz,1,3,permuted-mnist-task3-npz,C,0,0.996969696969697,0.996969696969697,0.0,330
323,4,23,permuted-mnist-task4-npz,1,0,OLD_TASKS_MEAN,C,0,nan,nan,0.0,0
324,4,24,permuted-mnist-task4-npz,2,1,permuted-mnist-task1-npz,C,0,0.031862745098039214,0.031862745098039214,0.0,408
324,4,24,permuted-mnist-task4-npz,2,2,permuted-mnist-task2-npz,C,0,0.14215686274509803,0.14215686274509803,0.0,408
324,4,24,permuted-mnist-task4-npz,2,3,permuted-mnist-task3-npz,C,0,0.9872448979591837,0.9872448979591837,0.0,784
324,4,24,permuted-mnist-task4-npz,2,0,OLD_TASKS_MEAN,C,0,nan,nan,0.0,0
325,4,25,permuted-mnist-task4-npz,0,1,permuted-mnist-task1-npz,C,0,0.2629179331306991,0.2629179331306991,0.0,658
325,4,25,permuted-mnist-task4-npz,0,2,permuted-mnist-task2-npz,C,0,0.3525835866261398,0.3525835866261398,0.0,658
325,4,25,permuted-mnist-task4-npz,0,3,permuted-mnist-task3-npz,C,0,0.9982876712328768,0.9982876712328768,0.0,584
325,4,25,permuted-mnist-task4-npz,0,0,OLD_TASKS_MEAN,C,0,nan,nan,0.0,0
326,4,26,permuted-mnist-task4-npz,1,1,permuted-mnist-task1-npz,C,0,0.0,0.0,0.0,125
326,4,26,permuted-mnist-task4-npz,1,2,permuted-mnist-task2-npz,C,0,0.08,0.08,0.0,125
326,4,26,permuted-mnist-task4-npz,1,3,permuted-mnist-task3-npz,C,0,0.996969696969697,0.996969696969697,0.0,330
326,4,26,permuted-mnist-task4-npz,1,0,OLD_TASKS_MEAN,C,0,nan,nan,0.0,0
327,4,27,permuted-mnist-task4-npz,2,1,permuted-mnist-task1-npz,C,0,0.01715686274509804,0.01715686274509804,0.0,408
327,4,27,permuted-mnist-task4-npz,2,2,permuted-mnist-task2-npz,C,0,0.1053921568627451,0.1053921568627451,0.0,408
327,4,27,permuted-mnist-task4-npz,2,3,permuted-mnist-task3-npz,C,0,0.9897959183673469,0.9897959183673469,0.0,784
327,4,27,permuted-mnist-task4-npz,2,0,OLD_TASKS_MEAN,C,0,nan,nan,0.0,0
328,4,28,permuted-mnist-task4-npz,3,1,permuted-mnist-task1-npz,C,0,0.050314465408805034,0.050314465408805034,0.0,636
328,4,28,permuted-mnist-task4-npz,3,2,permuted-mnist-task2-npz,C,0,0.0770440251572327,0.0770440251572327,0.0,636
328,4,28,permuted-mnist-task4-npz,3,3,permuted-mnist-task3-npz,C,0,0.9929964982491246,0.9929964982491246,0.0,1999
328,4,28,permuted-mnist-task4-npz,3,0,OLD_TASKS_MEAN,C,0,nan,nan,0.0,0
329,4,29,permuted-mnist-task4-npz,1,1,permuted-mnist-task1-npz,C,0,0.0,0.0,0.0,125
329,4,29,permuted-mnist-task4-npz,1,2,permuted-mnist-task2-npz,C,0,0.048,0.048,0.0,125
329,4,29,permuted-mnist-task4-npz,1,3,permuted-mnist-task3-npz,C,0,0.9939393939393939,0.9939393939393939,0.0,330
329,4,29,permuted-mnist-task4-npz,1,0,OLD_TASKS_MEAN,C,0,nan,nan,0.0,0
330,4,30,permuted-mnist-task4-npz,1,1,permuted-mnist-task1-npz,C,0,0.0,0.0,0.0,125
330,4,30,permuted-mnist-task4-npz,1,2,permuted-mnist-task2-npz,C,0,0.032,0.032,0.0,125
330,4,30,permuted-mnist-task4-npz,1,3,permuted-mnist-task3-npz,C,0,0.9939393939393939,0.9939393939393939,0.0,330
330,4,30,permuted-mnist-task4-npz,1,0,OLD_TASKS_MEAN,C,0,nan,nan,0.0,0
331,4,31,permuted-mnist-task4-npz,0,1,permuted-mnist-task1-npz,C,0,0.17477203647416414,0.17477203647416414,0.0,658
331,4,31,permuted-mnist-task4-npz,0,2,permuted-mnist-task2-npz,C,0,0.34802431610942247,0.34802431610942247,0.0,658
331,4,31,permuted-mnist-task4-npz,0,3,permuted-mnist-task3-npz,C,0,0.9914383561643836,0.9914383561643836,0.0,584
331,4,31,permuted-mnist-task4-npz,0,0,OLD_TASKS_MEAN,C,0,nan,nan,0.0,0
332,4,32,permuted-mnist-task4-npz,0,1,permuted-mnist-task1-npz,C,0,0.16717325227963525,0.16717325227963525,0.0,658
332,4,32,permuted-mnist-task4-npz,0,2,permuted-mnist-task2-npz,C,0,0.33890577507598785,0.33890577507598785,0.0,658
332,4,32,permuted-mnist-task4-npz,0,3,permuted-mnist-task3-npz,C,0,0.9948630136986302,0.9948630136986302,0.0,584
332,4,32,permuted-mnist-task4-npz,0,0,OLD_TASKS_MEAN,C,0,nan,nan,0.0,0
333,4,33,permuted-mnist-task4-npz,2,1,permuted-mnist-task1-npz,C,0,0.012254901960784314,0.012254901960784314,0.0,408
333,4,33,permuted-mnist-task4-npz,2,2,permuted-mnist-task2-npz,C,0,0.04411764705882353,0.04411764705882353,0.0,408
333,4,33,permuted-mnist-task4-npz,2,3,permuted-mnist-task3-npz,C,0,0.9936224489795918,0.9936224489795918,0.0,784
333,4,33,permuted-mnist-task4-npz,2,0,OLD_TASKS_MEAN,C,0,nan,nan,0.0,0
334,4,34,permuted-mnist-task4-npz,4,1,permuted-mnist-task1-npz,C,0,0.03958333333333333,0.03958333333333333,0.0,480
334,4,34,permuted-mnist-task4-npz,4,2,permuted-mnist-task2-npz,C,0,0.04791666666666667,0.04791666666666667,0.0,480
334,4,34,permuted-mnist-task4-npz,4,3,permuted-mnist-task3-npz,C,0,0.09337349397590361,0.09337349397590361,0.0,332
334,4,34,permuted-mnist-task4-npz,4,0,OLD_TASKS_MEAN,C,0,nan,nan,0.0,0
335,4,35,permuted-mnist-task4-npz,2,1,permuted-mnist-task1-npz,C,0,0.01715686274509804,0.01715686274509804,0.0,408
335,4,35,permuted-mnist-task4-npz,2,2,permuted-mnist-task2-npz,C,0,0.0,0.0,0.0,408
335,4,35,permuted-mnist-task4-npz,2,3,permuted-mnist-task3-npz,C,0,0.09566326530612244,0.09566326530612244,0.0,784
335,4,35,permuted-mnist-task4-npz,2,0,OLD_TASKS_MEAN,C,0,nan,nan,0.0,0
336,4,36,permuted-mnist-task4-npz,0,1,permuted-mnist-task1-npz,C,0,0.1413373860182371,0.1413373860182371,0.0,658
336,4,36,permuted-mnist-task4-npz,0,2,permuted-mnist-task2-npz,C,0,0.34802431610942247,0.34802431610942247,0.0,658
336,4,36,permuted-mnist-task4-npz,0,3,permuted-mnist-task3-npz,C,0,0.9931506849315068,0.9931506849315068,0.0,584
336,4,36,permuted-mnist-task4-npz,0,0,OLD_TASKS_MEAN,C,0,nan,nan,0.0,0
337,4,37,permuted-mnist-task4-npz,2,1,permuted-mnist-task1-npz,C,0,0.0024509803921568627,0.0024509803921568627,0.0,408
337,4,37,permuted-mnist-task4-npz,2,2,permuted-mnist-task2-npz,C,0,0.0196078431372549,0.0196078431372549,0.0,408
337,4,37,permuted-mnist-task4-npz,2,3,permuted-mnist-task3-npz,C,0,0.9553571428571429,0.9553571428571429,0.0,784
337,4,37,permuted-mnist-task4-npz,2,0,OLD_TASKS_MEAN,C,0,nan,nan,0.0,0
338,4,38,permuted-mnist-task4-npz,0,1,permuted-mnist-task1-npz,C,0,0.13677811550151975,0.13677811550151975,0.0,658
338,4,38,permuted-mnist-task4-npz,0,2,permuted-mnist-task2-npz,C,0,0.31458966565349544,0.31458966565349544,0.0,658
338,4,38,permuted-mnist-task4-npz,0,3,permuted-mnist-task3-npz,C,0,0.9948630136986302,0.9948630136986302,0.0,584
338,4,38,permuted-mnist-task4-npz,0,0,OLD_TASKS_MEAN,C,0,nan,nan,0.0,0
339,4,39,permuted-mnist-task4-npz,3,1,permuted-mnist-task1-npz,C,0,0.055031446540880505,0.055031446540880505,0.0,636
339,4,39,permuted-mnist-task4-npz,3,2,permuted-mnist-task2-npz,C,0,0.05660377358490566,0.05660377358490566,0.0,636
339,4,39,permuted-mnist-task4-npz,3,3,permuted-mnist-task3-npz,C,0,0.9789894947473737,0.9789894947473737,0.0,1999
339,4,39,permuted-mnist-task4-npz,3,0,OLD_TASKS_MEAN,C,0,nan,nan,0.0,0
340,4,40,permuted-mnist-task4-npz,2,1,permuted-mnist-task1-npz,C,0,0.0024509803921568627,0.0024509803921568627,0.0,408
340,4,40,permuted-mnist-task4-npz,2,2,permuted-mnist-task2-npz,C,0,0.022058823529411766,0.022058823529411766,0.0,408
340,4,40,permuted-mnist-task4-npz,2,3,permuted-mnist-task3-npz,C,0,0.9681122448979592,0.9681122448979592,0.0,784
340,4,40,permuted-mnist-task4-npz,2,0,OLD_TASKS_MEAN,C,0,nan,nan,0.0,0
341,4,41,permuted-mnist-task4-npz,1,1,permuted-mnist-task1-npz,C,0,0.0,0.0,0.0,125
341,4,41,permuted-mnist-task4-npz,1,2,permuted-mnist-task2-npz,C,0,0.032,0.032,0.0,125
341,4,41,permuted-mnist-task4-npz,1,3,permuted-mnist-task3-npz,C,0,0.9939393939393939,0.9939393939393939,0.0,330
341,4,41,permuted-mnist-task4-npz,1,0,OLD_TASKS_MEAN,C,0,nan,nan,0.0,0
342,4,42,permuted-mnist-task4-npz,1,1,permuted-mnist-task1-npz,C,0,0.0,0.0,0.0,125
342,4,42,permuted-mnist-task4-npz,1,2,permuted-mnist-task2-npz,C,0,0.032,0.032,0.0,125
342,4,42,permuted-mnist-task4-npz,1,3,permuted-mnist-task3-npz,C,0,0.990909090909091,0.990909090909091,0.0,330
342,4,42,permuted-mnist-task4-npz,1,0,OLD_TASKS_MEAN,C,0,nan,nan,0.0,0
343,4,43,permuted-mnist-task4-npz,0,1,permuted-mnist-task1-npz,C,0,0.1474164133738602,0.1474164133738602,0.0,658
343,4,43,permuted-mnist-task4-npz,0,2,permuted-mnist-task2-npz,C,0,0.3465045592705167,0.3465045592705167,0.0,658
343,4,43,permuted-mnist-task4-npz,0,3,permuted-mnist-task3-npz,C,0,0.988013698630137,0.988013698630137,0.0,584
343,4,43,permuted-mnist-task4-npz,0,0,OLD_TASKS_MEAN,C,0,nan,nan,0.0,0
344,4,44,permuted-mnist-task4-npz,1,1,permuted-mnist-task1-npz,C,0,0.0,0.0,0.0,125
344,4,44,permuted-mnist-task4-npz,1,2,permuted-mnist-task2-npz,C,0,0.032,0.032,0.0,125
344,4,44,permuted-mnist-task4-npz,1,3,permuted-mnist-task3-npz,C,0,0.990909090909091,0.990909090909091,0.0,330
344,4,44,permuted-mnist-task4-npz,1,0,OLD_TASKS_MEAN,C,0,nan,nan,0.0,0
345,4,45,permuted-mnist-task4-npz,2,1,permuted-mnist-task1-npz,C,0,0.0024509803921568627,0.0024509803921568627,0.0,408
345,4,45,permuted-mnist-task4-npz,2,2,permuted-mnist-task2-npz,C,0,0.029411764705882353,0.029411764705882353,0.0,408
345,4,45,permuted-mnist-task4-npz,2,3,permuted-mnist-task3-npz,C,0,0.985969387755102,0.985969387755102,0.0,784
345,4,45,permuted-mnist-task4-npz,2,0,OLD_TASKS_MEAN,C,0,nan,nan,0.0,0
346,4,46,permuted-mnist-task4-npz,2,1,permuted-mnist-task1-npz,C,0,0.0024509803921568627,0.0024509803921568627,0.0,408
346,4,46,permuted-mnist-task4-npz,2,2,permuted-mnist-task2-npz,C,0,0.01715686274509804,0.01715686274509804,0.0,408
346,4,46,permuted-mnist-task4-npz,2,3,permuted-mnist-task3-npz,C,0,0.985969387755102,0.985969387755102,0.0,784
346,4,46,permuted-mnist-task4-npz,2,0,OLD_TASKS_MEAN,C,0,nan,nan,0.0,0
347,4,47,permuted-mnist-task4-npz,3,1,permuted-mnist-task1-npz,C,0,0.05345911949685535,0.05345911949685535,0.0,636
347,4,47,permuted-mnist-task4-npz,3,2,permuted-mnist-task2-npz,C,0,0.05660377358490566,0.05660377358490566,0.0,636
347,4,47,permuted-mnist-task4-npz,3,3,permuted-mnist-task3-npz,C,0,0.9909954977488744,0.9909954977488744,0.0,1999
347,4,47,permuted-mnist-task4-npz,3,0,OLD_TASKS_MEAN,C,0,nan,nan,0.0,0
348,4,48,permuted-mnist-task4-npz,4,1,permuted-mnist-task1-npz,C,0,0.04375,0.04375,0.0,480
348,4,48,permuted-mnist-task4-npz,4,2,permuted-mnist-task2-npz,C,0,0.04375,0.04375,0.0,480
348,4,48,permuted-mnist-task4-npz,4,3,permuted-mnist-task3-npz,C,0,0.02108433734939759,0.02108433734939759,0.0,332
348,4,48,permuted-mnist-task4-npz,4,0,OLD_TASKS_MEAN,C,0,nan,nan,0.0,0
349,4,49,permuted-mnist-task4-npz,0,1,permuted-mnist-task1-npz,C,0,0.0,0.0,0.0,658
349,4,49,permuted-mnist-task4-npz,0,2,permuted-mnist-task2-npz,C,0,0.0,0.0,0.0,658
349,4,49,permuted-mnist-task4-npz,0,3,permuted-mnist-task3-npz,C,0,0.3047945205479452,0.3047945205479452,0.0,584
349,4,49,permuted-mnist-task4-npz,0,0,OLD_TASKS_MEAN,C,0,nan,nan,0.0,0
350,4,50,permuted-mnist-task4-npz,4,1,permuted-mnist-task1-npz,C,0,0.05,0.05,0.0,480
350,4,50,permuted-mnist-task4-npz,4,2,permuted-mnist-task2-npz,C,0,0.03958333333333333,0.03958333333333333,0.0,480
350,4,50,permuted-mnist-task4-npz,4,3,permuted-mnist-task3-npz,C,0,0.5331325301204819,0.5331325301204819,0.0,332
350,4,50,permuted-mnist-task4-npz,4,0,OLD_TASKS_MEAN,C,0,nan,nan,0.0,0
351,4,51,permuted-mnist-task4-npz,2,1,permuted-mnist-task1-npz,C,0,0.029411764705882353,0.029411764705882353,0.0,408
351,4,51,permuted-mnist-task4-npz,2,2,permuted-mnist-task2-npz,C,0,0.022058823529411766,0.022058823529411766,0.0,408
351,4,51,permuted-mnist-task4-npz,2,3,permuted-mnist-task3-npz,C,0,0.23341836734693877,0.23341836734693877,0.0,784
351,4,51,permuted-mnist-task4-npz,2,0,OLD_TASKS_MEAN,C,0,nan,nan,0.0,0
352,4,52,permuted-mnist-task4-npz,0,1,permuted-mnist-task1-npz,C,0,0.17325227963525835,0.17325227963525835,0.0,658
352,4,52,permuted-mnist-task4-npz,0,2,permuted-mnist-task2-npz,C,0,0.3130699088145897,0.3130699088145897,0.0,658
352,4,52,permuted-mnist-task4-npz,0,3,permuted-mnist-task3-npz,C,0,0.9708904109589042,0.9708904109589042,0.0,584
352,4,52,permuted-mnist-task4-npz,0,0,OLD_TASKS_MEAN,C,0,nan,nan,0.0,0
353,4,53,permuted-mnist-task4-npz,4,1,permuted-mnist-task1-npz,C,0,0.05416666666666667,0.05416666666666667,0.0,480
353,4,53,permuted-mnist-task4-npz,4,2,permuted-mnist-task2-npz,C,0,0.04791666666666667,0.04791666666666667,0.0,480
353,4,53,permuted-mnist-task4-npz,4,3,permuted-mnist-task3-npz,C,0,0.3192771084337349,0.3192771084337349,0.0,332
353,4,53,permuted-mnist-task4-npz,4,0,OLD_TASKS_MEAN,C,0,nan,nan,0.0,0
354,4,54,permuted-mnist-task4-npz,4,1,permuted-mnist-task1-npz,C,0,0.03958333333333333,0.03958333333333333,0.0,480
354,4,54,permuted-mnist-task4-npz,4,2,permuted-mnist-task2-npz,C,0,0.0020833333333333333,0.0020833333333333333,0.0,480
354,4,54,permuted-mnist-task4-npz,4,3,permuted-mnist-task3-npz,C,0,0.8524096385542169,0.8524096385542169,0.0,332
354,4,54,permuted-mnist-task4-npz,4,0,OLD_TASKS_MEAN,C,0,nan,nan,0.0,0
355,4,55,permuted-mnist-task4-npz,1,1,permuted-mnist-task1-npz,C,0,0.032,0.032,0.0,125
355,4,55,permuted-mnist-task4-npz,1,2,permuted-mnist-task2-npz,C,0,0.04,0.04,0.0,125
355,4,55,permuted-mnist-task4-npz,1,3,permuted-mnist-task3-npz,C,0,0.3,0.3,0.0,330
355,4,55,permuted-mnist-task4-npz,1,0,OLD_TASKS_MEAN,C,0,nan,nan,0.0,0
356,4,56,permuted-mnist-task4-npz,0,1,permuted-mnist-task1-npz,C,0,0.14437689969604864,0.14437689969604864,0.0,658
356,4,56,permuted-mnist-task4-npz,0,2,permuted-mnist-task2-npz,C,0,0.24772036474164133,0.24772036474164133,0.0,658
356,4,56,permuted-mnist-task4-npz,0,3,permuted-mnist-task3-npz,C,0,0.8972602739726028,0.8972602739726028,0.0,584
356,4,56,permuted-mnist-task4-npz,0,0,OLD_TASKS_MEAN,C,0,nan,nan,0.0,0
357,4,57,permuted-mnist-task4-npz,1,1,permuted-mnist-task1-npz,C,0,0.0,0.0,0.0,125
357,4,57,permuted-mnist-task4-npz,1,2,permuted-mnist-task2-npz,C,0,0.016,0.016,0.0,125
357,4,57,permuted-mnist-task4-npz,1,3,permuted-mnist-task3-npz,C,0,0.8484848484848485,0.8484848484848485,0.0,330
357,4,57,permuted-mnist-task4-npz,1,0,OLD_TASKS_MEAN,C,0,nan,nan,0.0,0
358,4,58,permuted-mnist-task4-npz,4,1,permuted-mnist-task1-npz,C,0,0.04375,0.04375,0.0,480
358,4,58,permuted-mnist-task4-npz,4,2,permuted-mnist-task2-npz,C,0,0.035416666666666666,0.035416666666666666,0.0,480
358,4,58,permuted-mnist-task4-npz,4,3,permuted-mnist-task3-npz,C,0,0.10843373493975904,0.10843373493975904,0.0,332
358,4,58,permuted-mnist-task4-npz,4,0,OLD_TASKS_MEAN,C,0,nan,nan,0.0,0
359,4,59,permuted-mnist-task4-npz,4,1,permuted-mnist-task1-npz,C,0,0.0375,0.0375,0.0,480
359,4,59,permuted-mnist-task4-npz,4,2,permuted-mnist-task2-npz,C,0,0.008333333333333333,0.008333333333333333,0.0,480
359,4,59,permuted-mnist-task4-npz,4,3,permuted-mnist-task3-npz,C,0,0.8373493975903614,0.8373493975903614,0.0,332
359,4,59,permuted-mnist-task4-npz,4,0,OLD_TASKS_MEAN,C,0,nan,nan,0.0,0
360,4,60,permuted-mnist-task4-npz,1,1,permuted-mnist-task1-npz,C,0,0.032,0.032,0.0,125
360,4,60,permuted-mnist-task4-npz,1,2,permuted-mnist-task2-npz,C,0,0.032,0.032,0.0,125
360,4,60,permuted-mnist-task4-npz,1,3,permuted-mnist-task3-npz,C,0,0.3606060606060606,0.3606060606060606,0.0,330
360,4,60,permuted-mnist-task4-npz,1,0,OLD_TASKS_MEAN,C,0,nan,nan,0.0,0
361,4,61,permuted-mnist-task4-npz,2,1,permuted-mnist-task1-npz,C,0,0.09558823529411764,0.09558823529411764,0.0,408
361,4,61,permuted-mnist-task4-npz,2,2,permuted-mnist-task2-npz,C,0,0.15931372549019607,0.15931372549019607,0.0,408
361,4,61,permuted-mnist-task4-npz,2,3,permuted-mnist-task3-npz,C,0,0.9247448979591837,0.9247448979591837,0.0,784
361,4,61,permuted-mnist-task4-npz,2,0,OLD_TASKS_MEAN,C,0,nan,nan,0.0,0
362,4,62,permuted-mnist-task4-npz,3,1,permuted-mnist-task1-npz,C,0,0.02830188679245283,0.02830188679245283,0.0,636
362,4,62,permuted-mnist-task4-npz,3,2,permuted-mnist-task2-npz,C,0,0.0330188679245283,0.0330188679245283,0.0,636
362,4,62,permuted-mnist-task4-npz,3,3,permuted-mnist-task3-npz,C,0,0.9684842421210605,0.9684842421210605,0.0,1999
362,4,62,permuted-mnist-task4-npz,3,0,OLD_TASKS_MEAN,C,0,nan,nan,0.0,0
363,4,63,permuted-mnist-task4-npz,0,1,permuted-mnist-task1-npz,C,0,0.270516717325228,0.270516717325228,0.0,658
363,4,63,permuted-mnist-task4-npz,0,2,permuted-mnist-task2-npz,C,0,0.34498480243161095,0.34498480243161095,0.0,658
363,4,63,permuted-mnist-task4-npz,0,3,permuted-mnist-task3-npz,C,0,0.976027397260274,0.976027397260274,0.0,584
363,4,63,permuted-mnist-task4-npz,0,0,OLD_TASKS_MEAN,C,0,nan,nan,0.0,0
364,4,64,permuted-mnist-task4-npz,3,1,permuted-mnist-task1-npz,C,0,0.036163522012578615,0.036163522012578615,0.0,636
364,4,64,permuted-mnist-task4-npz,3,2,permuted-mnist-task2-npz,C,0,0.0440251572327044,0.0440251572327044,0.0,636
364,4,64,permuted-mnist-task4-npz,3,3,permuted-mnist-task3-npz,C,0,0.968984492246123,0.968984492246123,0.0,1999
364,4,64,permuted-mnist-task4-npz,3,0,OLD_TASKS_MEAN,C,0,nan,nan,0.0,0
365,4,65,permuted-mnist-task4-npz,1,1,permuted-mnist-task1-npz,C,0,0.008,0.008,0.0,125
365,4,65,permuted-mnist-task4-npz,1,2,permuted-mnist-task2-npz,C,0,0.064,0.064,0.0,125
365,4,65,permuted-mnist-task4-npz,1,3,permuted-mnist-task3-npz,C,0,0.9454545454545454,0.9454545454545454,0.0,330
365,4,65,permuted-mnist-task4-npz,1,0,OLD_TASKS_MEAN,C,0,nan,nan,0.0,0
366,4,66,permuted-mnist-task4-npz,4,1,permuted-mnist-task1-npz,C,0,0.05416666666666667,0.05416666666666667,0.0,480
366,4,66,permuted-mnist-task4-npz,4,2,permuted-mnist-task2-npz,C,0,0.035416666666666666,0.035416666666666666,0.0,480
366,4,66,permuted-mnist-task4-npz,4,3,permuted-mnist-task3-npz,C,0,0.19578313253012047,0.19578313253012047,0.0,332
366,4,66,permuted-mnist-task4-npz,4,0,OLD_TASKS_MEAN,C,0,nan,nan,0.0,0
367,4,67,permuted-mnist-task4-npz,0,1,permuted-mnist-task1-npz,C,0,0.010638297872340425,0.010638297872340425,0.0,658
367,4,67,permuted-mnist-task4-npz,0,2,permuted-mnist-task2-npz,C,0,0.0060790273556231,0.0060790273556231,0.0,658
367,4,67,permuted-mnist-task4-npz,0,3,permuted-mnist-task3-npz,C,0,0.5667808219178082,0.5667808219178082,0.0,584
367,4,67,permuted-mnist-task4-npz,0,0,OLD_TASKS_MEAN,C,0,nan,nan,0.0,0
368,4,68,permuted-mnist-task4-npz,4,1,permuted-mnist-task1-npz,C,0,0.05625,0.05625,0.0,480
368,4,68,permuted-mnist-task4-npz,4,2,permuted-mnist-task2-npz,C,0,0.025,0.025,0.0,480
368,4,68,permuted-mnist-task4-npz,4,3,permuted-mnist-task3-npz,C,0,0.5873493975903614,0.5873493975903614,0.0,332
368,4,68,permuted-mnist-task4-npz,4,0,OLD_TASKS_MEAN,C,0,nan,nan,0.0,0
369,4,69,permuted-mnist-task4-npz,3,1,permuted-mnist-task1-npz,C,0,0.0031446540880503146,0.0031446540880503146,0.0,636
369,4,69,permuted-mnist-task4-npz,3,2,permuted-mnist-task2-npz,C,0,0.0,0.0,0.0,636
369,4,69,permuted-mnist-task4-npz,3,3,permuted-mnist-task3-npz,C,0,0.5022511255627814,0.5022511255627814,0.0,1999
369,4,69,permuted-mnist-task4-npz,3,0,OLD_TASKS_MEAN,C,0,nan,nan,0.0,0
370,4,70,permuted-mnist-task4-npz,1,1,permuted-mnist-task1-npz,C,0,0.024,0.024,0.0,125
370,4,70,permuted-mnist-task4-npz,1,2,permuted-mnist-task2-npz,C,0,0.096,0.096,0.0,125
370,4,70,permuted-mnist-task4-npz,1,3,permuted-mnist-task3-npz,C,0,0.9636363636363636,0.9636363636363636,0.0,330
370,4,70,permuted-mnist-task4-npz,1,0,OLD_TASKS_MEAN,C,0,nan,nan,0.0,0
371,4,71,permuted-mnist-task4-npz,4,1,permuted-mnist-task1-npz,C,0,0.05416666666666667,0.05416666666666667,0.0,480
371,4,71,permuted-mnist-task4-npz,4,2,permuted-mnist-task2-npz,C,0,0.035416666666666666,0.035416666666666666,0.0,480
371,4,71,permuted-mnist-task4-npz,4,3,permuted-mnist-task3-npz,C,0,0.3795180722891566,0.3795180722891566,0.0,332
371,4,71,permuted-mnist-task4-npz,4,0,OLD_TASKS_MEAN,C,0,nan,nan,0.0,0
372,4,72,permuted-mnist-task4-npz,3,1,permuted-mnist-task1-npz,C,0,0.0031446540880503146,0.0031446540880503146,0.0,636
372,4,72,permuted-mnist-task4-npz,3,2,permuted-mnist-task2-npz,C,0,0.0015723270440251573,0.0015723270440251573,0.0,636
372,4,72,permuted-mnist-task4-npz,3,3,permuted-mnist-task3-npz,C,0,0.568784392196098,0.568784392196098,0.0,1999
372,4,72,permuted-mnist-task4-npz,3,0,OLD_TASKS_MEAN,C,0,nan,nan,0.0,0
373,4,73,permuted-mnist-task4-npz,2,1,permuted-mnist-task1-npz,C,0,0.06862745098039216,0.06862745098039216,0.0,408
373,4,73,permuted-mnist-task4-npz,2,2,permuted-mnist-task2-npz,C,0,0.09803921568627451,0.09803921568627451,0.0,408
373,4,73,permuted-mnist-task4-npz,2,3,permuted-mnist-task3-npz,C,0,0.9693877551020408,0.9693877551020408,0.0,784
373,4,73,permuted-mnist-task4-npz,2,0,OLD_TASKS_MEAN,C,0,nan,nan,0.0,0
374,4,74,permuted-mnist-task4-npz,3,1,permuted-mnist-task1-npz,C,0,0.036163522012578615,0.036163522012578615,0.0,636
374,4,74,permuted-mnist-task4-npz,3,2,permuted-mnist-task2-npz,C,0,0.0330188679245283,0.0330188679245283,0.0,636
374,4,74,permuted-mnist-task4-npz,3,3,permuted-mnist-task3-npz,C,0,0.976488244122061,0.976488244122061,0.0,1999
374,4,74,permuted-mnist-task4-npz,3,0,OLD_TASKS_MEAN,C,0,nan,nan,0.0,0
375,4,75,permuted-mnist-task4-npz,3,1,permuted-mnist-task1-npz,C,0,0.036163522012578615,0.036163522012578615,0.0,636
375,4,75,permuted-mnist-task4-npz,3,2,permuted-mnist-task2-npz,C,0,0.0330188679245283,0.0330188679245283,0.0,636
375,4,75,permuted-mnist-task4-npz,3,3,permuted-mnist-task3-npz,C,0,0.976488244122061,0.976488244122061,0.0,1999
375,4,75,permuted-mnist-task4-npz,3,0,OLD_TASKS_MEAN,C,0,nan,nan,0.0,0
376,4,76,permuted-mnist-task4-npz,0,1,permuted-mnist-task1-npz,C,0,0.18693009118541035,0.18693009118541035,0.0,658
376,4,76,permuted-mnist-task4-npz,0,2,permuted-mnist-task2-npz,C,0,0.3100303951367781,0.3100303951367781,0.0,658
376,4,76,permuted-mnist-task4-npz,0,3,permuted-mnist-task3-npz,C,0,0.9828767123287672,0.9828767123287672,0.0,584
376,4,76,permuted-mnist-task4-npz,0,0,OLD_TASKS_MEAN,C,0,nan,nan,0.0,0
377,4,77,permuted-mnist-task4-npz,1,1,permuted-mnist-task1-npz,C,0,0.016,0.016,0.0,125
377,4,77,permuted-mnist-task4-npz,1,2,permuted-mnist-task2-npz,C,0,0.064,0.064,0.0,125
377,4,77,permuted-mnist-task4-npz,1,3,permuted-mnist-task3-npz,C,0,0.9787878787878788,0.9787878787878788,0.0,330
377,4,77,permuted-mnist-task4-npz,1,0,OLD_TASKS_MEAN,C,0,nan,nan,0.0,0
378,4,78,permuted-mnist-task4-npz,3,1,permuted-mnist-task1-npz,C,0,0.036163522012578615,0.036163522012578615,0.0,636
378,4,78,permuted-mnist-task4-npz,3,2,permuted-mnist-task2-npz,C,0,0.03459119496855346,0.03459119496855346,0.0,636
378,4,78,permuted-mnist-task4-npz,3,3,permuted-mnist-task3-npz,C,0,0.9749874937468734,0.9749874937468734,0.0,1999
378,4,78,permuted-mnist-task4-npz,3,0,OLD_TASKS_MEAN,C,0,nan,nan,0.0,0
379,4,79,permuted-mnist-task4-npz,2,1,permuted-mnist-task1-npz,C,0,0.049019607843137254,0.049019607843137254,0.0,408
379,4,79,permuted-mnist-task4-npz,2,2,permuted-mnist-task2-npz,C,0,0.0857843137254902,0.0857843137254902,0.0,408
379,4,79,permuted-mnist-task4-npz,2,3,permuted-mnist-task3-npz,C,0,0.9757653061224489,0.9757653061224489,0.0,784
379,4,79,permuted-mnist-task4-npz,2,0,OLD_TASKS_MEAN,C,0,nan,nan,0.0,0
380,4,80,permuted-mnist-task4-npz,1,1,permuted-mnist-task1-npz,C,0,0.016,0.016,0.0,125
380,4,80,permuted-mnist-task4-npz,1,2,permuted-mnist-task2-npz,C,0,0.064,0.064,0.0,125
380,4,80,permuted-mnist-task4-npz,1,3,permuted-mnist-task3-npz,C,0,0.9878787878787879,0.9878787878787879,0.0,330
380,4,80,permuted-mnist-task4-npz,1,0,OLD_TASKS_MEAN,C,0,nan,nan,0.0,0
381,4,81,permuted-mnist-task4-npz,2,1,permuted-mnist-task1-npz,C,0,0.058823529411764705,0.058823529411764705,0.0,408
381,4,81,permuted-mnist-task4-npz,2,2,permuted-mnist-task2-npz,C,0,0.0857843137254902,0.0857843137254902,0.0,408
381,4,81,permuted-mnist-task4-npz,2,3,permuted-mnist-task3-npz,C,0,0.9770408163265306,0.9770408163265306,0.0,784
381,4,81,permuted-mnist-task4-npz,2,0,OLD_TASKS_MEAN,C,0,nan,nan,0.0,0
382,4,82,permuted-mnist-task4-npz,0,1,permuted-mnist-task1-npz,C,0,0.19908814589665655,0.19908814589665655,0.0,658
382,4,82,permuted-mnist-task4-npz,0,2,permuted-mnist-task2-npz,C,0,0.3282674772036474,0.3282674772036474,0.0,658
382,4,82,permuted-mnist-task4-npz,0,3,permuted-mnist-task3-npz,C,0,0.9828767123287672,0.9828767123287672,0.0,584
382,4,82,permuted-mnist-task4-npz,0,0,OLD_TASKS_MEAN,C,0,nan,nan,0.0,0
383,4,83,permuted-mnist-task4-npz,4,1,permuted-mnist-task1-npz,C,0,0.05,0.05,0.0,480
383,4,83,permuted-mnist-task4-npz,4,2,permuted-mnist-task2-npz,C,0,0.03125,0.03125,0.0,480
383,4,83,permuted-mnist-task4-npz,4,3,permuted-mnist-task3-npz,C,0,0.29518072289156627,0.29518072289156627,0.0,332
383,4,83,permuted-mnist-task4-npz,4,0,OLD_TASKS_MEAN,C,0,nan,nan,0.0,0
384,4,84,permuted-mnist-task4-npz,2,1,permuted-mnist-task1-npz,C,0,0.0392156862745098,0.0392156862745098,0.0,408
384,4,84,permuted-mnist-task4-npz,2,2,permuted-mnist-task2-npz,C,0,0.004901960784313725,0.004901960784313725,0.0,408
384,4,84,permuted-mnist-task4-npz,2,3,permuted-mnist-task3-npz,C,0,0.5625,0.5625,0.0,784
384,4,84,permuted-mnist-task4-npz,2,0,OLD_TASKS_MEAN,C,0,nan,nan,0.0,0
385,4,85,permuted-mnist-task4-npz,0,1,permuted-mnist-task1-npz,C,0,0.20212765957446807,0.20212765957446807,0.0,658
385,4,85,permuted-mnist-task4-npz,0,2,permuted-mnist-task2-npz,C,0,0.25379939209726443,0.25379939209726443,0.0,658
385,4,85,permuted-mnist-task4-npz,0,3,permuted-mnist-task3-npz,C,0,0.9726027397260274,0.9726027397260274,0.0,584
385,4,85,permuted-mnist-task4-npz,0,0,OLD_TASKS_MEAN,C,0,nan,nan,0.0,0
386,4,86,permuted-mnist-task4-npz,2,1,permuted-mnist-task1-npz,C,0,0.09068627450980392,0.09068627450980392,0.0,408
386,4,86,permuted-mnist-task4-npz,2,2,permuted-mnist-task2-npz,C,0,0.12990196078431374,0.12990196078431374,0.0,408
386,4,86,permuted-mnist-task4-npz,2,3,permuted-mnist-task3-npz,C,0,0.9591836734693877,0.9591836734693877,0.0,784
386,4,86,permuted-mnist-task4-npz,2,0,OLD_TASKS_MEAN,C,0,nan,nan,0.0,0
387,4,87,permuted-mnist-task4-npz,3,1,permuted-mnist-task1-npz,C,0,0.036163522012578615,0.036163522012578615,0.0,636
387,4,87,permuted-mnist-task4-npz,3,2,permuted-mnist-task2-npz,C,0,0.031446540880503145,0.031446540880503145,0.0,636
387,4,87,permuted-mnist-task4-npz,3,3,permuted-mnist-task3-npz,C,0,0.9714857428714357,0.9714857428714357,0.0,1999
387,4,87,permuted-mnist-task4-npz,3,0,OLD_TASKS_MEAN,C,0,nan,nan,0.0,0
388,4,88,permuted-mnist-task4-npz,2,1,permuted-mnist-task1-npz,C,0,0.0661764705882353,0.0661764705882353,0.0,408
388,4,88,permuted-mnist-task4-npz,2,2,permuted-mnist-task2-npz,C,0,0.11274509803921569,0.11274509803921569,0.0,408
388,4,88,permuted-mnist-task4-npz,2,3,permuted-mnist-task3-npz,C,0,0.9732142857142857,0.9732142857142857,0.0,784
388,4,88,permuted-mnist-task4-npz,2,0,OLD_TASKS_MEAN,C,0,nan,nan,0.0,0
389,4,89,permuted-mnist-task4-npz,2,1,permuted-mnist-task1-npz,C,0,0.0661764705882353,0.0661764705882353,0.0,408
389,4,89,permuted-mnist-task4-npz,2,2,permuted-mnist-task2-npz,C,0,0.11274509803921569,0.11274509803921569,0.0,408
389,4,89,permuted-mnist-task4-npz,2,3,permuted-mnist-task3-npz,C,0,0.9783163265306123,0.9783163265306123,0.0,784
389,4,89,permuted-mnist-task4-npz,2,0,OLD_TASKS_MEAN,C,0,nan,nan,0.0,0
390,4,90,permuted-mnist-task4-npz,3,1,permuted-mnist-task1-npz,C,0,0.03773584905660377,0.03773584905660377,0.0,636
390,4,90,permuted-mnist-task4-npz,3,2,permuted-mnist-task2-npz,C,0,0.03459119496855346,0.03459119496855346,0.0,636
390,4,90,permuted-mnist-task4-npz,3,3,permuted-mnist-task3-npz,C,0,0.9799899949974987,0.9799899949974987,0.0,1999
390,4,90,permuted-mnist-task4-npz,3,0,OLD_TASKS_MEAN,C,0,nan,nan,0.0,0
391,4,91,permuted-mnist-task4-npz,0,1,permuted-mnist-task1-npz,C,0,0.20364741641337386,0.20364741641337386,0.0,658
391,4,91,permuted-mnist-task4-npz,0,2,permuted-mnist-task2-npz,C,0,0.2993920972644377,0.2993920972644377,0.0,658
391,4,91,permuted-mnist-task4-npz,0,3,permuted-mnist-task3-npz,C,0,0.9828767123287672,0.9828767123287672,0.0,584
391,4,91,permuted-mnist-task4-npz,0,0,OLD_TASKS_MEAN,C,0,nan,nan,0.0,0
392,4,92,permuted-mnist-task4-npz,2,1,permuted-mnist-task1-npz,C,0,0.0661764705882353,0.0661764705882353,0.0,408
392,4,92,permuted-mnist-task4-npz,2,2,permuted-mnist-task2-npz,C,0,0.11029411764705882,0.11029411764705882,0.0,408
392,4,92,permuted-mnist-task4-npz,2,3,permuted-mnist-task3-npz,C,0,0.9795918367346939,0.9795918367346939,0.0,784
392,4,92,permuted-mnist-task4-npz,2,0,OLD_TASKS_MEAN,C,0,nan,nan,0.0,0
393,4,93,permuted-mnist-task4-npz,2,1,permuted-mnist-task1-npz,C,0,0.0661764705882353,0.0661764705882353,0.0,408
393,4,93,permuted-mnist-task4-npz,2,2,permuted-mnist-task2-npz,C,0,0.11029411764705882,0.11029411764705882,0.0,408
393,4,93,permuted-mnist-task4-npz,2,3,permuted-mnist-task3-npz,C,0,0.9795918367346939,0.9795918367346939,0.0,784
393,4,93,permuted-mnist-task4-npz,2,0,OLD_TASKS_MEAN,C,0,nan,nan,0.0,0
394,4,94,permuted-mnist-task4-npz,4,1,permuted-mnist-task1-npz,C,0,0.04791666666666667,0.04791666666666667,0.0,480
394,4,94,permuted-mnist-task4-npz,4,2,permuted-mnist-task2-npz,C,0,0.0375,0.0375,0.0,480
394,4,94,permuted-mnist-task4-npz,4,3,permuted-mnist-task3-npz,C,0,0.35542168674698793,0.35542168674698793,0.0,332
394,4,94,permuted-mnist-task4-npz,4,0,OLD_TASKS_MEAN,C,0,nan,nan,0.0,0
395,4,95,permuted-mnist-task4-npz,2,1,permuted-mnist-task1-npz,C,0,0.056372549019607844,0.056372549019607844,0.0,408
395,4,95,permuted-mnist-task4-npz,2,2,permuted-mnist-task2-npz,C,0,0.004901960784313725,0.004901960784313725,0.0,408
395,4,95,permuted-mnist-task4-npz,2,3,permuted-mnist-task3-npz,C,0,0.5714285714285714,0.5714285714285714,0.0,784
395,4,95,permuted-mnist-task4-npz,2,0,OLD_TASKS_MEAN,C,0,nan,nan,0.0,0
396,4,96,permuted-mnist-task4-npz,0,1,permuted-mnist-task1-npz,C,0,0.1945288753799392,0.1945288753799392,0.0,658
396,4,96,permuted-mnist-task4-npz,0,2,permuted-mnist-task2-npz,C,0,0.22188449848024316,0.22188449848024316,0.0,658
396,4,96,permuted-mnist-task4-npz,0,3,permuted-mnist-task3-npz,C,0,0.9657534246575342,0.9657534246575342,0.0,584
396,4,96,permuted-mnist-task4-npz,0,0,OLD_TASKS_MEAN,C,0,nan,nan,0.0,0
397,4,97,permuted-mnist-task4-npz,4,1,permuted-mnist-task1-npz,C,0,0.052083333333333336,0.052083333333333336,0.0,480
397,4,97,permuted-mnist-task4-npz,4,2,permuted-mnist-task2-npz,C,0,0.035416666666666666,0.035416666666666666,0.0,480
397,4,97,permuted-mnist-task4-npz,4,3,permuted-mnist-task3-npz,C,0,0.5060240963855421,0.5060240963855421,0.0,332
397,4,97,permuted-mnist-task4-npz,4,0,OLD_TASKS_MEAN,C,0,nan,nan,0.0,0
398,4,98,permuted-mnist-task4-npz,1,1,permuted-mnist-task1-npz,C,0,0.024,0.024,0.0,125
398,4,98,permuted-mnist-task4-npz,1,2,permuted-mnist-task2-npz,C,0,0.024,0.024,0.0,125
398,4,98,permuted-mnist-task4-npz,1,3,permuted-mnist-task3-npz,C,0,0.4121212121212121,0.4121212121212121,0.0,330
398,4,98,permuted-mnist-task4-npz,1,0,OLD_TASKS_MEAN,C,0,nan,nan,0.0,0
399,4,99,permuted-mnist-task4-npz,4,1,permuted-mnist-task1-npz,C,0,0.05625,0.05625,0.0,480
399,4,99,permuted-mnist-task4-npz,4,2,permuted-mnist-task2-npz,C,0,0.03333333333333333,0.03333333333333333,0.0,480
399,4,99,permuted-mnist-task4-npz,4,3,permuted-mnist-task3-npz,C,0,0.4608433734939759,0.4608433734939759,0.0,332
399,4,99,permuted-mnist-task4-npz,4,0,OLD_TASKS_MEAN,C,0,nan,nan,0.0,0
400,4,100,permuted-mnist-task4-npz,1,1,permuted-mnist-task1-npz,C,0,0.016,0.016,0.0,125
400,4,100,permuted-mnist-task4-npz,1,2,permuted-mnist-task2-npz,C,0,0.032,0.032,0.0,125
400,4,100,permuted-mnist-task4-npz,1,3,permuted-mnist-task3-npz,C,0,0.4818181818181818,0.4818181818181818,0.0,330
400,4,100,permuted-mnist-task4-npz,1,0,OLD_TASKS_MEAN,C,0,nan,nan,0.0,0
